{
  "enabled": true,
  "temporaryModifierMinutes": 10,
  "BLOCK_PLACEMENT": [
    {
      "block": "the_vault:vault_bonus_chest",
      "blocksPerSpawn": 6000,
      "name": "Gilded",
      "description": "Gilded Chests",
      "color": "16769792",
      "voteLockDurationChangeSeconds": 30
    },
    {
      "block": "the_vault:vault_bonus_chest",
      "blocksPerSpawn": 4600,
      "name": "Gilded2",
      "description": "Gilded Chests+",
      "color": "16765952",
      "voteLockDurationChangeSeconds": 60
    },
    {
      "block": "the_vault:vault_bonus_chest",
      "blocksPerSpawn": 2400,
      "name": "Gilded3",
      "description": "Gilded Chests++",
      "color": "16762112",
      "voteLockDurationChangeSeconds": 90
    },
    {
      "block": "the_vault:ore_unknown",
      "blocksPerSpawn": 2400,
      "name": "Ores",
      "description": "Extra Ores",
      "color": "50845",
      "voteLockDurationChangeSeconds": 15
    },
    {
      "block": "the_vault:ore_unknown",
      "blocksPerSpawn": 1200,
      "name": "Ores2",
      "description": "Extra Ores+",
      "color": "54453",
      "voteLockDurationChangeSeconds": 20
    },
    {
      "block": "the_vault:ore_unknown",
      "blocksPerSpawn": 800,
      "name": "Ores3",
      "description": "Extra Ores++",
      "color": "54453",
      "voteLockDurationChangeSeconds": 30
    },
    {
      "block": "the_vault:vault_treasure_chest",
      "blocksPerSpawn": 80000,
      "name": "Treasure",
      "description": "Treasure Chest!",
      "color": "16762112",
      "voteLockDurationChangeSeconds": 120
    }
  ],
  "FLOATING_ITEM_PLACEMENT": [
    {
      "blocksPerSpawn": 3200,
      "itemList": [
        {
          "value": {
            "ITEM": "the_vault:gem_alexandrite",
            "NBT": "{}"
          },
          "weight": 64
        },
        {
          "value": {
            "ITEM": "the_vault:gem_benitoite",
            "NBT": "{}"
          },
          "weight": 128
        },
        {
          "value": {
            "ITEM": "the_vault:gem_larimar",
            "NBT": "{}"
          },
          "weight": 128
        },
        {
          "value": {
            "ITEM": "the_vault:gem_wutodie",
            "NBT": "{}"
          },
          "weight": 64
        },
        {
          "value": {
            "ITEM": "the_vault:gem_painite",
            "NBT": "{}"
          },
          "weight": 16
        },
        {
          "value": {
            "ITEM": "the_vault:gem_black_opal",
            "NBT": "{}"
          },
          "weight": 8
        },
        {
          "value": {
            "ITEM": "the_vault:gem_echo",
            "NBT": "{}"
          },
          "weight": 1
        }
      ],
      "name": "Gems",
      "description": "Gems",
      "color": "9240461",
      "voteLockDurationChangeSeconds": 15
    },
    {
      "blocksPerSpawn": 1600,
      "itemList": [
        {
          "value": {
            "ITEM": "the_vault:gem_alexandrite",
            "NBT": "{}"
          },
          "weight": 64
        },
        {
          "value": {
            "ITEM": "the_vault:gem_benitoite",
            "NBT": "{}"
          },
          "weight": 128
        },
        {
          "value": {
            "ITEM": "the_vault:gem_larimar",
            "NBT": "{}"
          },
          "weight": 128
        },
        {
          "value": {
            "ITEM": "the_vault:gem_wutodie",
            "NBT": "{}"
          },
          "weight": 64
        },
        {
          "value": {
            "ITEM": "the_vault:gem_painite",
            "NBT": "{}"
          },
          "weight": 16
        },
        {
          "value": {
            "ITEM": "the_vault:gem_black_opal",
            "NBT": "{}"
          },
          "weight": 8
        },
        {
          "value": {
            "ITEM": "the_vault:gem_echo",
            "NBT": "{}"
          },
          "weight": 1
        }
      ],
      "name": "Gems2",
      "description": "Gems+",
      "color": "13827981",
      "voteLockDurationChangeSeconds": 30
    },
    {
      "blocksPerSpawn": 4200,
      "itemList": [
        {
          "value": {
            "ITEM": "the_vault:perfect_alexandrite",
            "NBT": "{}"
          },
          "weight": 64
        },
        {
          "value": {
            "ITEM": "the_vault:perfect_painite",
            "NBT": "{}"
          },
          "weight": 128
        },
        {
          "value": {
            "ITEM": "the_vault:perfect_larimar",
            "NBT": "{}"
          },
          "weight": 128
        },
        {
          "value": {
            "ITEM": "the_vault:perfect_benitoite",
            "NBT": "{}"
          },
          "weight": 64
        },
        {
          "value": {
            "ITEM": "the_vault:perfect_black_opal",
            "NBT": "{}"
          },
          "weight": 16
        },
        {
          "value": {
            "ITEM": "the_vault:perfect_wutodie",
            "NBT": "{}"
          },
          "weight": 8
        },
        {
          "value": {
            "ITEM": "the_vault:perfect_echo_gem",
            "NBT": "{}"
          },
          "weight": 1
        }
      ],
      "name": "PerfectGems",
      "description": "Perfect Gems",
      "color": "5570498",
      "voteLockDurationChangeSeconds": 60
    },
    {
      "blocksPerSpawn": 45000,
      "itemList": [
        {
          "value": {
            "ITEM": "the_vault:gem_pog",
            "NBT": "{}"
          },
          "weight": 8
        },
        {
          "value": {
            "ITEM": "the_vault:echo_pog",
            "NBT": "{}"
          },
          "weight": 1
        }
      ],
      "name": "Pog",
      "description": "POG Hunt",
      "color": "16739839",
      "voteLockDurationChangeSeconds": 60
    },
    {
      "blocksPerSpawn": 8000,
      "itemList": [
        {
          "value": {
            "ITEM": "the_vault:wutax_shard",
            "NBT": "{}"
          },
          "weight": 32
        },
        {
          "value": {
            "ITEM": "the_vault:wutax_crystal",
            "NBT": "{}"
          },
          "weight": 1
        }
      ],
      "name": "Wutax",
      "description": "Wutax Shards",
      "color": "16724644",
      "voteLockDurationChangeSeconds": 30
    },
    {
      "blocksPerSpawn": 6000,
      "itemList": [
        {
          "value": {
            "ITEM": "the_vault:wutax_shard",
            "NBT": "{}"
          },
          "weight": 32
        },
        {
          "value": {
            "ITEM": "the_vault:wutax_crystal",
            "NBT": "{}"
          },
          "weight": 1
        }
      ],
      "name": "Wutax2",
      "description": "Wutax Shards+",
      "color": "16724644",
      "voteLockDurationChangeSeconds": 45
    },
    {
      "blocksPerSpawn": 8000,
      "itemList": [
        {
          "value": {
            "ITEM": "the_vault:vault_burger",
            "NBT": "{}"
          },
          "weight": 8
        },
        {
          "value": {
            "ITEM": "the_vault:oozing_pizza",
            "NBT": "{}"
          },
          "weight": 32
        },
        {
          "value": {
            "ITEM": "the_vault:vault_stew_mystery",
            "NBT": "{}"
          },
          "weight": 1
        }
      ],
      "name": "XP",
      "description": "MCVault",
      "color": "16777059",
      "voteLockDurationChangeSeconds": 20
    },
    {
      "blocksPerSpawn": 14000,
      "itemList": [
        {
          "value": {
            "ITEM": "the_vault:mod_box",
            "NBT": "{}"
          },
          "weight": 8
        }
      ],
      "name": "ModBox",
      "description": "Mod Boxes",
      "color": "16383",
      "voteLockDurationChangeSeconds": 15
    },
    {
      "blocksPerSpawn": 10000,
      "itemList": [
        {
          "value": {
            "ITEM": "the_vault:mod_box",
            "NBT": "{}"
          },
          "weight": 8
        }
      ],
      "name": "ModBox2",
      "description": "Mod Boxes+",
      "color": "16383",
      "voteLockDurationChangeSeconds": 30
    },
    {
      "blocksPerSpawn": 4000,
      "itemList": [
        {
          "value": {
            "ITEM": "the_vault:vault_bronze",
            "NBT": "{}"
          },
          "weight": 10
        },
        {
          "value": {
            "ITEM": "the_vault:vault_silver",
            "NBT": "{}"
          },
          "weight": 4
        },
        {
          "value": {
            "ITEM": "the_vault:vault_gold",
            "NBT": "{}"
          },
          "weight": 1
        }
      ],
      "name": "Bronze",
      "description": "Vault Gold",
      "color": "16766133",
      "voteLockDurationChangeSeconds": 15
    },
    {
      "blocksPerSpawn": 4000,
      "itemList": [
        {
          "value": {
            "ITEM": "the_vault:vault_bronze",
            "NBT": "{}"
          },
          "weight": 10
        },
        {
          "value": {
            "ITEM": "the_vault:vault_silver",
            "NBT": "{}"
          },
          "weight": 8
        },
        {
          "value": {
            "ITEM": "the_vault:vault_gold",
            "NBT": "{}"
          },
          "weight": 2
        }
      ],
      "name": "Bronze2",
      "description": "Vault Gold+",
      "color": "16766133",
      "voteLockDurationChangeSeconds": 30
    },
    {
      "blocksPerSpawn": 90000,
      "itemList": [
        {
          "value": {
            "ITEM": "the_vault:key_iskallium",
            "NBT": "{}"
          },
          "weight": 1
        },
        {
          "value": {
            "ITEM": "the_vault:key_gorginite",
            "NBT": "{}"
          },
          "weight": 1
        },
        {
          "value": {
            "ITEM": "the_vault:key_sparkletine",
            "NBT": "{}"
          },
          "weight": 1
        },
        {
          "value": {
            "ITEM": "the_vault:key_ashium",
            "NBT": "{}"
          },
          "weight": 1
        },
        {
          "value": {
            "ITEM": "the_vault:key_bomignite",
            "NBT": "{}"
          },
          "weight": 1
        },
        {
          "value": {
            "ITEM": "the_vault:key_funsoide",
            "NBT": "{}"
          },
          "weight": 1
        },
        {
          "value": {
            "ITEM": "the_vault:key_tubium",
            "NBT": "{}"
          },
          "weight": 1
        },
        {
          "value": {
            "ITEM": "the_vault:key_upaline",
            "NBT": "{}"
          },
          "weight": 1
        },
        {
          "value": {
            "ITEM": "the_vault:key_puffium",
            "NBT": "{}"
          },
          "weight": 1
        }
      ],
      "name": "Keys",
      "description": "Treasure Key Hunt",
      "color": "60097",
      "voteLockDurationChangeSeconds": 90
    },
    {
      "blocksPerSpawn": 10000,
      "itemList": [
        {
          "value": {
            "ITEM": "the_vault:star_essence",
            "NBT": "{}"
          },
          "weight": 32
        },
        {
          "value": {
            "ITEM": "the_vault:star_shard",
            "NBT": "{}"
          },
          "weight": 4
        },
        {
          "value": {
            "ITEM": "the_vault:star_core",
            "NBT": "{}"
          },
          "weight": 1
        }
      ],
      "name": "Knowledge",
      "description": "Knowledge",
      "color": "8650751",
      "voteLockDurationChangeSeconds": 45
    },
    {
      "blocksPerSpawn": 14000,
      "itemList": [
        {
          "value": {
            "ITEM": "the_vault:skill_essence",
            "NBT": "{}"
          },
          "weight": 48
        },
        {
          "value": {
            "ITEM": "the_vault:skill_shard",
            "NBT": "{}"
          },
          "weight": 4
        },
        {
          "value": {
            "ITEM": "the_vault:orb_frame",
            "NBT": "{}"
          },
          "weight": 1
        }
      ],
      "name": "Skill",
      "description": "Skillpoints",
      "color": "8650557",
      "voteLockDurationChangeSeconds": 45
    },
    {
      "blocksPerSpawn": 8000,
      "itemList": [
        {
          "value": {
            "ITEM": "the_vault:skill_essence",
            "NBT": "{}"
          },
          "weight": 36
        },
        {
          "value": {
            "ITEM": "the_vault:skill_shard",
            "NBT": "{}"
          },
          "weight": 4
        },
        {
          "value": {
            "ITEM": "the_vault:orb_frame",
            "NBT": "{}"
          },
          "weight": 1
        }
      ],
      "name": "Skill2",
      "description": "Skillpoints+",
      "color": "8650557",
      "voteLockDurationChangeSeconds": 60
    },
    {
      "blocksPerSpawn": 48000,
      "itemList": [
        {
          "value": {
            "ITEM": "the_vault:vault_catalyst_fragment",
            "NBT": "{}"
          },
          "weight": 1
        }
      ],
      "name": "Prismatic",
      "description": "Catalysts",
      "color": "16755657",
      "voteLockDurationChangeSeconds": 5
    },
    {
      "blocksPerSpawn": 32000,
      "itemList": [
        {
          "value": {
            "ITEM": "the_vault:vault_catalyst_fragment",
            "NBT": "{}"
          },
          "weight": 1
        }
      ],
      "name": "Prismatic2",
      "description": "Catalysts+",
      "color": "16747208",
      "voteLockDurationChangeSeconds": 20
    },
    {
      "blocksPerSpawn": 24000,
      "itemList": [
        {
          "value": {
            "ITEM": "the_vault:vault_catalyst_fragment",
            "NBT": "{}"
          },
          "weight": 1
        }
      ],
      "name": "Prismatic3",
      "description": "Catalysts++",
      "color": "16747208",
      "voteLockDurationChangeSeconds": 40
    },
    {
      "blocksPerSpawn": 14000,
      "itemList": [
        {
          "value": {
            "ITEM": "the_vault:sword",
            "NBT": "{Vault:{Attributes:[{Id:\"the_vault:gear_roll_type\",BaseValue:\"Scrappy+\"}]}}"
          },
          "weight": 1
        },
        {
          "value": {
            "ITEM": "the_vault:axe",
            "NBT": "{Vault:{Attributes:[{Id:\"the_vault:gear_roll_type\",BaseValue:\"Scrappy+\"}]}}"
          },
          "weight": 1
        },
        {
          "value": {
            "ITEM": "the_vault:helmet",
            "NBT": "{Vault:{Attributes:[{Id:\"the_vault:gear_roll_type\",BaseValue:\"Scrappy+\"}]}}"
          },
          "weight": 1
        },
        {
          "value": {
            "ITEM": "the_vault:chestplate",
            "NBT": "{Vault:{Attributes:[{Id:\"the_vault:gear_roll_type\",BaseValue:\"Scrappy+\"}]}}"
          },
          "weight": 1
        },
        {
          "value": {
            "ITEM": "the_vault:leggings",
            "NBT": "{Vault:{Attributes:[{Id:\"the_vault:gear_roll_type\",BaseValue:\"Scrappy+\"}]}}"
          },
          "weight": 1
        },
        {
          "value": {
            "ITEM": "the_vault:boots",
            "NBT": "{Vault:{Attributes:[{Id:\"the_vault:gear_roll_type\",BaseValue:\"Scrappy+\"}]}}"
          },
          "weight": 1
        }
      ],
      "name": "VaultGearScrappy",
      "description": "Vault Gear",
      "color": "12369084",
      "voteLockDurationChangeSeconds": 45
    },
    {
      "blocksPerSpawn": 14000,
      "itemList": [
        {
          "value": {
            "ITEM": "the_vault:sword",
            "NBT": "{Vault:{Attributes:[{Id:\"the_vault:gear_roll_type\",BaseValue:\"Common+\"}]}}"
          },
          "weight": 1
        },
        {
          "value": {
            "ITEM": "the_vault:axe",
            "NBT": "{Vault:{Attributes:[{Id:\"the_vault:gear_roll_type\",BaseValue:\"Common+\"}]}}"
          },
          "weight": 1
        },
        {
          "value": {
            "ITEM": "the_vault:helmet",
            "NBT": "{Vault:{Attributes:[{Id:\"the_vault:gear_roll_type\",BaseValue:\"Common+\"}]}}"
          },
          "weight": 1
        },
        {
          "value": {
            "ITEM": "the_vault:chestplate",
            "NBT": "{Vault:{Attributes:[{Id:\"the_vault:gear_roll_type\",BaseValue:\"Common+\"}]}}"
          },
          "weight": 1
        },
        {
          "value": {
            "ITEM": "the_vault:leggings",
            "NBT": "{Vault:{Attributes:[{Id:\"the_vault:gear_roll_type\",BaseValue:\"Common+\"}]}}"
          },
          "weight": 1
        },
        {
          "value": {
            "ITEM": "the_vault:boots",
            "NBT": "{Vault:{Attributes:[{Id:\"the_vault:gear_roll_type\",BaseValue:\"Common+\"}]}}"
          },
          "weight": 1
        }
      ],
      "name": "VaultGearCommon",
      "description": "Vault Gear",
      "color": "5353215",
      "voteLockDurationChangeSeconds": 60
    },
    {
      "blocksPerSpawn": 16000,
      "itemList": [
        {
          "value": {
            "ITEM": "the_vault:sword",
            "NBT": "{Vault:{Attributes:[{Id:\"the_vault:gear_roll_type\",BaseValue:\"Rare+\"}]}}"
          },
          "weight": 1
        },
        {
          "value": {
            "ITEM": "the_vault:axe",
            "NBT": "{Vault:{Attributes:[{Id:\"the_vault:gear_roll_type\",BaseValue:\"Rare+\"}]}}"
          },
          "weight": 1
        },
        {
          "value": {
            "ITEM": "the_vault:helmet",
            "NBT": "{Vault:{Attributes:[{Id:\"the_vault:gear_roll_type\",BaseValue:\"Rare+\"}]}}"
          },
          "weight": 1
        },
        {
          "value": {
            "ITEM": "the_vault:chestplate",
            "NBT": "{Vault:{Attributes:[{Id:\"the_vault:gear_roll_type\",BaseValue:\"Rare+\"}]}}"
          },
          "weight": 1
        },
        {
          "value": {
            "ITEM": "the_vault:leggings",
            "NBT": "{Vault:{Attributes:[{Id:\"the_vault:gear_roll_type\",BaseValue:\"Rare+\"}]}}"
          },
          "weight": 1
        },
        {
          "value": {
            "ITEM": "the_vault:boots",
            "NBT": "{Vault:{Attributes:[{Id:\"the_vault:gear_roll_type\",BaseValue:\"Rare+\"}]}}"
          },
          "weight": 1
        }
      ],
      "name": "VaultGearRare",
      "description": "Vault Gear",
      "color": "16771072",
      "voteLockDurationChangeSeconds": 120
    },
    {
      "blocksPerSpawn": 32000,
      "itemList": [
        {
          "value": {
            "ITEM": "the_vault:sword",
            "NBT": "{Vault:{Attributes:[{Id:\"the_vault:gear_roll_type\",BaseValue:\"Epic+\"}]}}"
          },
          "weight": 1
        },
        {
          "value": {
            "ITEM": "the_vault:axe",
            "NBT": "{Vault:{Attributes:[{Id:\"the_vault:gear_roll_type\",BaseValue:\"Epic+\"}]}}"
          },
          "weight": 1
        },
        {
          "value": {
            "ITEM": "the_vault:helmet",
            "NBT": "{Vault:{Attributes:[{Id:\"the_vault:gear_roll_type\",BaseValue:\"Epic+\"}]}}"
          },
          "weight": 1
        },
        {
          "value": {
            "ITEM": "the_vault:chestplate",
            "NBT": "{Vault:{Attributes:[{Id:\"the_vault:gear_roll_type\",BaseValue:\"Epic+\"}]}}"
          },
          "weight": 1
        },
        {
          "value": {
            "ITEM": "the_vault:leggings",
            "NBT": "{Vault:{Attributes:[{Id:\"the_vault:gear_roll_type\",BaseValue:\"Epic+\"}]}}"
          },
          "weight": 1
        },
        {
          "value": {
            "ITEM": "the_vault:boots",
            "NBT": "{Vault:{Attributes:[{Id:\"the_vault:gear_roll_type\",BaseValue:\"Epic+\"}]}}"
          },
          "weight": 1
        }
      ],
      "name": "VaultGearEpic",
      "description": "Vault Gear",
      "color": "16711935",
      "voteLockDurationChangeSeconds": 180
    },
    {
      "blocksPerSpawn": 64000,
      "itemList": [
        {
          "value": {
            "ITEM": "the_vault:idol_benevolent",
            "NBT": "{Vault:{Attributes:[{Id:\"the_vault:gear_roll_type\",BaseValue:\"Common+\"}]}}"
          },
          "weight": 8
        },
        {
          "value": {
            "ITEM": "the_vault:idol_omniscient",
            "NBT": "{Vault:{Attributes:[{Id:\"the_vault:gear_roll_type\",BaseValue:\"Common+\"}]}}"
          },
          "weight": 8
        },
        {
          "value": {
            "ITEM": "the_vault:idol_timekeeper",
            "NBT": "{Vault:{Attributes:[{Id:\"the_vault:gear_roll_type\",BaseValue:\"Common+\"}]}}"
          },
          "weight": 8
        },
        {
          "value": {
            "ITEM": "the_vault:idol_malevolence",
            "NBT": "{Vault:{Attributes:[{Id:\"the_vault:gear_roll_type\",BaseValue:\"Common+\"}]}}"
          },
          "weight": 8
        },
        {
          "value": {
            "ITEM": "the_vault:idol_benevolent",
            "NBT": "{Vault:{Attributes:[{Id:\"the_vault:gear_roll_type\",BaseValue:\"Rare+\"}]}}"
          },
          "weight": 4
        },
        {
          "value": {
            "ITEM": "the_vault:idol_omniscient",
            "NBT": "{Vault:{Attributes:[{Id:\"the_vault:gear_roll_type\",BaseValue:\"Rare+\"}]}}"
          },
          "weight": 4
        },
        {
          "value": {
            "ITEM": "the_vault:idol_timekeeper",
            "NBT": "{Vault:{Attributes:[{Id:\"the_vault:gear_roll_type\",BaseValue:\"Rare+\"}]}}"
          },
          "weight": 4
        },
        {
          "value": {
            "ITEM": "the_vault:idol_malevolence",
            "NBT": "{Vault:{Attributes:[{Id:\"the_vault:gear_roll_type\",BaseValue:\"Rare+\"}]}}"
          },
          "weight": 4
        },
        {
          "value": {
            "ITEM": "the_vault:idol_benevolent",
            "NBT": "{Vault:{Attributes:[{Id:\"the_vault:gear_roll_type\",BaseValue:\"Epic+\"}]}}"
          },
          "weight": 1
        },
        {
          "value": {
            "ITEM": "the_vault:idol_omniscient",
            "NBT": "{Vault:{Attributes:[{Id:\"the_vault:gear_roll_type\",BaseValue:\"Epic+\"}]}}"
          },
          "weight": 1
        },
        {
          "value": {
            "ITEM": "the_vault:idol_timekeeper",
            "NBT": "{Vault:{Attributes:[{Id:\"the_vault:gear_roll_type\",BaseValue:\"Epic+\"}]}}"
          },
          "weight": 1
        },
        {
          "value": {
            "ITEM": "the_vault:idol_malevolence",
            "NBT": "{Vault:{Attributes:[{Id:\"the_vault:gear_roll_type\",BaseValue:\"Epic+\"}]}}"
          },
          "weight": 1
        }
      ],
      "name": "Idols",
      "description": "Idols",
      "color": "16771992",
      "voteLockDurationChangeSeconds": 45
    },
    {
      "blocksPerSpawn": 32000,
      "itemList": [
        {
          "value": {
            "ITEM": "the_vault:idol_benevolent",
            "NBT": "{Vault:{Attributes:[{Id:\"the_vault:gear_roll_type\",BaseValue:\"Common+\"}]}}"
          },
          "weight": 8
        },
        {
          "value": {
            "ITEM": "the_vault:idol_omniscient",
            "NBT": "{Vault:{Attributes:[{Id:\"the_vault:gear_roll_type\",BaseValue:\"Common+\"}]}}"
          },
          "weight": 8
        },
        {
          "value": {
            "ITEM": "the_vault:idol_timekeeper",
            "NBT": "{Vault:{Attributes:[{Id:\"the_vault:gear_roll_type\",BaseValue:\"Common+\"}]}}"
          },
          "weight": 8
        },
        {
          "value": {
            "ITEM": "the_vault:idol_malevolence",
            "NBT": "{Vault:{Attributes:[{Id:\"the_vault:gear_roll_type\",BaseValue:\"Common+\"}]}}"
          },
          "weight": 8
        },
        {
          "value": {
            "ITEM": "the_vault:idol_benevolent",
            "NBT": "{Vault:{Attributes:[{Id:\"the_vault:gear_roll_type\",BaseValue:\"Rare+\"}]}}"
          },
          "weight": 4
        },
        {
          "value": {
            "ITEM": "the_vault:idol_omniscient",
            "NBT": "{Vault:{Attributes:[{Id:\"the_vault:gear_roll_type\",BaseValue:\"Rare+\"}]}}"
          },
          "weight": 4
        },
        {
          "value": {
            "ITEM": "the_vault:idol_timekeeper",
            "NBT": "{Vault:{Attributes:[{Id:\"the_vault:gear_roll_type\",BaseValue:\"Rare+\"}]}}"
          },
          "weight": 4
        },
        {
          "value": {
            "ITEM": "the_vault:idol_malevolence",
            "NBT": "{Vault:{Attributes:[{Id:\"the_vault:gear_roll_type\",BaseValue:\"Rare+\"}]}}"
          },
          "weight": 4
        },
        {
          "value": {
            "ITEM": "the_vault:idol_benevolent",
            "NBT": "{Vault:{Attributes:[{Id:\"the_vault:gear_roll_type\",BaseValue:\"Epic+\"}]}}"
          },
          "weight": 1
        },
        {
          "value": {
            "ITEM": "the_vault:idol_omniscient",
            "NBT": "{Vault:{Attributes:[{Id:\"the_vault:gear_roll_type\",BaseValue:\"Epic+\"}]}}"
          },
          "weight": 1
        },
        {
          "value": {
            "ITEM": "the_vault:idol_timekeeper",
            "NBT": "{Vault:{Attributes:[{Id:\"the_vault:gear_roll_type\",BaseValue:\"Epic+\"}]}}"
          },
          "weight": 1
        },
        {
          "value": {
            "ITEM": "the_vault:idol_malevolence",
            "NBT": "{Vault:{Attributes:[{Id:\"the_vault:gear_roll_type\",BaseValue:\"Epic+\"}]}}"
          },
          "weight": 1
        }
      ],
      "name": "Idols2",
      "description": "Idols+",
      "color": "16771945",
      "voteLockDurationChangeSeconds": 60
    }
  ],
  "TIME_MODIFIER": [
    {
      "timeChange": 3600,
      "name": "MoreTime3",
      "description": "+3 Minutes",
      "color": "14591",
      "voteLockDurationChangeSeconds": 90
    },
    {
      "timeChange": 1200,
      "name": "MoreTime1",
      "description": "+1 Minute",
      "color": "35327",
      "voteLockDurationChangeSeconds": 45
    },
    {
      "timeChange": 2400,
      "name": "MoreTime2",
      "description": "+2 Minutes",
      "color": "28927",
      "voteLockDurationChangeSeconds": 75
    },
    {
      "timeChange": 600,
      "name": "MoreTime4",
      "description": "+30 Seconds",
      "color": "28927",
      "voteLockDurationChangeSeconds": 5
    },
    {
      "timeChange": -3600,
      "name": "LessTime3",
      "description": "-3 Minutes",
      "color": "16711680",
      "voteLockDurationChangeSeconds": -120
    },
    {
      "timeChange": -2400,
      "name": "LessTime2",
      "description": "-2 Minutes",
      "color": "16728320",
      "voteLockDurationChangeSeconds": -75
    },
    {
      "timeChange": -1200,
      "name": "LessTime1",
      "description": "-1 Minute",
      "color": "16740608",
      "voteLockDurationChangeSeconds": -45
    },
    {
      "timeChange": -600,
      "name": "LessTime4",
      "description": "-30 Seconds",
      "color": "16740608",
      "voteLockDurationChangeSeconds": -15
    }
  ],
  "ADDITIONAL_MOB_SPAWNS": [
    {
      "blocksPerSpawn": 6000,
      "name": "Crowded",
      "description": "Mobs",
      "color": "16735744",
      "voteLockDurationChangeSeconds": -20
    },
    {
      "blocksPerSpawn": 4000,
      "name": "Chaotic",
      "description": "Mobs*2",
      "color": "16730880",
      "voteLockDurationChangeSeconds": -45
    },
    {
      "blocksPerSpawn": 2200,
      "name": "Impossible",
      "description": "Mobs*3",
      "color": "16722944",
      "voteLockDurationChangeSeconds": -60
    },
    {
      "blocksPerSpawn": 1200,
      "name": "Impossible2",
      "description": "Mobs*4",
      "color": "13893632",
      "voteLockDurationChangeSeconds": -75
    }
  ],
  "ROOM_SELECTION": [
    {
      "filterChance": 0.5,
      "selectedRoomPrefixes": [
        "the_vault:vault/enigma/rooms/mineshaft/",
        "the_vault:vault/enigma/rooms/x_spot/",
        "the_vault:vault/enigma/rooms/digsite/"
      ],
      "name": "OmegaRooms",
      "description": "50% Omega Room",
      "color": "65280",
      "voteLockDurationChangeSeconds": 30
    },
    {
      "filterChance": 1.0,
      "selectedRoomPrefixes": [
        "the_vault:vault/enigma/rooms/mineshaft/"
      ],
      "name": "MineRoom",
      "description": "Mine",
      "color": "4692223",
      "voteLockDurationChangeSeconds": 120
    },
    {
      "filterChance": 1.0,
      "selectedRoomPrefixes": [
        "the_vault:vault/enigma/rooms/digsite/"
      ],
      "name": "DigRoom",
      "description": "Digsite",
      "color": "16776960",
      "voteLockDurationChangeSeconds": 60
    },
    {
      "filterChance": 1.0,
      "selectedRoomPrefixes": [
        "the_vault:vault/enigma/rooms/x_spot/"
      ],
      "name": "XRoom",
      "description": "X-Mark Room",
      "color": "12975872",
      "voteLockDurationChangeSeconds": 60
    }
  ],
  "RANDOM": {
    "name": "Random",
    "description": "Random",
    "color": "65535",
    "voteLockDurationChangeSeconds": -15
  },
  "BOSS": {
    "portalChance": 0.1,
    "name": "BossExit",
    "description": "Summon Boss",
    "color": "65535",
    "voteLockDurationChangeSeconds": 0
  },
  "requiredPolls": {
    "min": 14,
    "max": 18
  },
  "rolls": [
    {
      "value": "None",
      "weight": 80
    },
    {
      "value": "Random",
      "weight": 60
    },
    {
      "value": "Gilded",
      "weight": 6
    },
    {
      "value": "Gilded2",
      "weight": 3
    },
    {
      "value": "Gilded3",
      "weight": 1
    },
    {
      "value": "Treasure",
      "weight": 1
    },
    {
      "value": "Ores",
      "weight": 20
    },
    {
      "value": "Ores2",
      "weight": 10
    },
    {
      "value": "Ores3",
      "weight": 6
    },
    {
      "value": "Knowledge",
      "weight": 4
    },
    {
      "value": "Skill",
      "weight": 3
    },
    {
      "value": "Skill2",
      "weight": 1
    },
    {
      "value": "Keys",
      "weight": 1
    },
    {
      "value": "Wutax",
      "weight": 12
    },
    {
      "value": "Wutax2",
      "weight": 8
    },
    {
      "value": "Gems",
      "weight": 10
    },
    {
      "value": "Gems2",
      "weight": 6
    },
    {
      "value": "PerfectGems",
      "weight": 1
    },
    {
      "value": "Pog",
      "weight": 1
    },
    {
      "value": "Prismatic",
      "weight": 20
    },
    {
      "value": "Prismatic2",
      "weight": 10
    },
    {
      "value": "Prismatic3",
      "weight": 6
    },
    {
      "value": "ModBox",
      "weight": 14
    },
    {
      "value": "ModBox2",
      "weight": 6
    },
    {
      "value": "Bronze",
      "weight": 14
    },
    {
      "value": "Bronze2",
      "weight": 6
    },
    {
      "value": "XP",
      "weight": 12
    },
    {
      "value": "Idols",
      "weight": 14
    },
    {
      "value": "Idols2",
      "weight": 8
    },
    {
      "value": "VaultGearScrappy",
      "weight": 16
    },
    {
      "value": "VaultGearCommon",
      "weight": 8
    },
    {
      "value": "VaultGearRare",
      "weight": 2
    },
    {
      "value": "VaultGearEpic",
      "weight": 1
    },
    {
      "value": "MoreTime1",
      "weight": 16
    },
    {
      "value": "MoreTime2",
      "weight": 10
    },
    {
      "value": "MoreTime3",
      "weight": 6
    },
    {
      "value": "MoreTime4",
      "weight": 20
    },
    {
      "value": "LessTime1",
      "weight": 16
    },
    {
      "value": "LessTime2",
      "weight": 10
    },
    {
      "value": "LessTime3",
      "weight": 6
    },
    {
      "value": "LessTime4",
      "weight": 20
    },
    {
      "value": "Crowded",
      "weight": 40
    },
    {
      "value": "Chaotic",
      "weight": 20
    },
    {
      "value": "Impossible",
      "weight": 6
    },
    {
      "value": "Impossible2",
      "weight": 4
    },
    {
      "value": "OmegaRooms",
      "weight": 14
    },
    {
      "value": "MineRoom",
      "weight": 1
    },
    {
      "value": "DigRoom",
      "weight": 3
    },
    {
      "value": "XRoom",
      "weight": 3
    }
  ],
  "viewerPositiveModifiers": [
    {
      "value": "Gilded",
      "weight": 4
    },
    {
      "value": "Plentiful",
      "weight": 4
    },
    {
      "value": "Prismatic",
      "weight": 4
    },
    {
      "value": "Easy",
      "weight": 10
    },
    {
      "value": "Stronk",
      "weight": 14
    },
    {
      "value": "Mega Stronk",
      "weight": 4
    },
    {
      "value": "Healing",
      "weight": 14
    },
    {
      "value": "Super Healing",
      "weight": 4
    },
    {
      "value": "Lucky",
      "weight": 10
    },
    {
      "value": "Super Lucky",
      "weight": 4
    },
    {
      "value": "Speedy",
      "weight": 14
    },
    {
      "value": "Safe Zone",
      "weight": 8
    },
    {
      "value": "Personal Space",
      "weight": 10
    },
    {
      "value": "Exploration",
      "weight": 8
    },
    {
      "value": "Odyssey",
      "weight": 4
    },
    {
      "value": "Trivial",
      "weight": 10
    }
  ],
  "viewerNegativeModifiers": [
    {
      "value": "Crowded",
      "weight": 100
    },
    {
      "value": "Chaotic",
      "weight": 40
    },
    {
      "value": "Impossible",
      "weight": 20
    },
    {
      "value": "Locked",
      "weight": 0
    },
    {
      "value": "Weakened",
      "weight": 80
    },
    {
      "value": "Slowed",
      "weight": 80
    },
    {
      "value": "Tired",
      "weight": 80
    },
    {
      "value": "Hunger",
      "weight": 80
    },
    {
      "value": "Unlucky",
      "weight": 80
    },
    {
      "value": "Daycare",
      "weight": 80
    },
    {
      "value": "Frenzy",
      "weight": 2
    },
    {
      "value": "Trapped",
      "weight": 80
    },
    {
      "value": "Hard",
      "weight": 60
    },
    {
      "value": "Difficult",
      "weight": 100
    },
    {
      "value": "Challenging",
      "weight": 20
    }
  ]
}