{
  "enabled": false,
  "BLOCK_PLACEMENT": [
    {
      "block": "the_vault:vault_bonus_chest",
      "blocksPerSpawn": 6000,
      "name": "gilded",
      "description": "Gilded Chests",
      "color": "16769792",
      "voteLockDurationChangeSeconds": 15
    },
    {
      "block": "the_vault:vault_bonus_chest",
      "blocksPerSpawn": 4600,
      "name": "gilded2",
      "description": "Gilded Chests x2",
      "color": "16765952",
      "voteLockDurationChangeSeconds": 30
    },
    {
      "block": "the_vault:vault_bonus_chest",
      "blocksPerSpawn": 1600,
      "name": "gilded3",
      "description": "Gilded Chests x4",
      "color": "16762112",
      "voteLockDurationChangeSeconds": 45
    },
    {
      "block": "the_vault:vault_treasure_chest",
      "blocksPerSpawn": 80000,
      "name": "treasure",
      "description": "Treasure Chest",
      "color": "16762112",
      "voteLockDurationChangeSeconds": 80
    },
    {
      "block": "the_vault:vault_treasure_chest",
      "blocksPerSpawn": 40000,
      "name": "treasure2",
      "description": "Treasure Chest x2",
      "color": "16762112",
      "voteLockDurationChangeSeconds": 140
    }
  ],
  "FLOATING_ITEM_PLACEMENT": [
    {
      "blocksPerSpawn": 3200,
      "itemList": [
        {
          "value": {
            "ITEM": "the_vault:gem_alexandrite",
            "NBT": "{}"
          },
          "weight": 64
        },
        {
          "value": {
            "ITEM": "the_vault:gem_benitoite",
            "NBT": "{}"
          },
          "weight": 128
        },
        {
          "value": {
            "ITEM": "the_vault:gem_larimar",
            "NBT": "{}"
          },
          "weight": 128
        },
        {
          "value": {
            "ITEM": "the_vault:gem_wutodie",
            "NBT": "{}"
          },
          "weight": 64
        },
        {
          "value": {
            "ITEM": "the_vault:gem_painite",
            "NBT": "{}"
          },
          "weight": 16
        },
        {
          "value": {
            "ITEM": "the_vault:gem_black_opal",
            "NBT": "{}"
          },
          "weight": 8
        },
        {
          "value": {
            "ITEM": "the_vault:gem_echo",
            "NBT": "{}"
          },
          "weight": 1
        }
      ],
      "name": "Gems",
      "description": "Gems",
      "color": "9240461",
      "voteLockDurationChangeSeconds": 15
    },
    {
      "blocksPerSpawn": 1600,
      "itemList": [
        {
          "value": {
            "ITEM": "the_vault:gem_alexandrite",
            "NBT": "{}"
          },
          "weight": 64
        },
        {
          "value": {
            "ITEM": "the_vault:gem_benitoite",
            "NBT": "{}"
          },
          "weight": 128
        },
        {
          "value": {
            "ITEM": "the_vault:gem_larimar",
            "NBT": "{}"
          },
          "weight": 128
        },
        {
          "value": {
            "ITEM": "the_vault:gem_wutodie",
            "NBT": "{}"
          },
          "weight": 64
        },
        {
          "value": {
            "ITEM": "the_vault:gem_painite",
            "NBT": "{}"
          },
          "weight": 16
        },
        {
          "value": {
            "ITEM": "the_vault:gem_black_opal",
            "NBT": "{}"
          },
          "weight": 8
        },
        {
          "value": {
            "ITEM": "the_vault:gem_echo",
            "NBT": "{}"
          },
          "weight": 1
        }
      ],
      "name": "Gems2",
      "description": "Gems+",
      "color": "13827981",
      "voteLockDurationChangeSeconds": 30
    },
    {
      "blocksPerSpawn": 4200,
      "itemList": [
        {
          "value": {
            "ITEM": "the_vault:perfect_alexandrite",
            "NBT": "{}"
          },
          "weight": 64
        },
        {
          "value": {
            "ITEM": "the_vault:perfect_painite",
            "NBT": "{}"
          },
          "weight": 128
        },
        {
          "value": {
            "ITEM": "the_vault:perfect_larimar",
            "NBT": "{}"
          },
          "weight": 128
        },
        {
          "value": {
            "ITEM": "the_vault:perfect_benitoite",
            "NBT": "{}"
          },
          "weight": 64
        },
        {
          "value": {
            "ITEM": "the_vault:perfect_black_opal",
            "NBT": "{}"
          },
          "weight": 16
        },
        {
          "value": {
            "ITEM": "the_vault:perfect_wutodie",
            "NBT": "{}"
          },
          "weight": 8
        },
        {
          "value": {
            "ITEM": "the_vault:perfect_echo_gem",
            "NBT": "{}"
          },
          "weight": 1
        }
      ],
      "name": "PerfectGems",
      "description": "Perfect Gems",
      "color": "5570498",
      "voteLockDurationChangeSeconds": 60
    },
    {
      "blocksPerSpawn": 45000,
      "itemList": [
        {
          "value": {
            "ITEM": "the_vault:gem_pog",
            "NBT": "{}"
          },
          "weight": 8
        },
        {
          "value": {
            "ITEM": "the_vault:echo_pog",
            "NBT": "{}"
          },
          "weight": 1
        }
      ],
      "name": "Pog",
      "description": "POG Hunt",
      "color": "16739839",
      "voteLockDurationChangeSeconds": 60
    },
    {
      "blocksPerSpawn": 8000,
      "itemList": [
        {
          "value": {
            "ITEM": "the_vault:wutax_shard",
            "NBT": "{}"
          },
          "weight": 16
        },
        {
          "value": {
            "ITEM": "the_vault:wutax_crystal",
            "NBT": "{}"
          },
          "weight": 1
        }
      ],
      "name": "Wutax",
      "description": "Wutax Shards",
      "color": "16724644",
      "voteLockDurationChangeSeconds": 15
    },
    {
      "blocksPerSpawn": 5000,
      "itemList": [
        {
          "value": {
            "ITEM": "the_vault:wutax_shard",
            "NBT": "{}"
          },
          "weight": 16
        },
        {
          "value": {
            "ITEM": "the_vault:wutax_crystal",
            "NBT": "{}"
          },
          "weight": 1
        }
      ],
      "name": "Wutax2",
      "description": "Wutax Shards+",
      "color": "16724644",
      "voteLockDurationChangeSeconds": 30
    },
    {
      "blocksPerSpawn": 2400,
      "itemList": [
        {
          "value": {
            "ITEM": "the_vault:wutax_shard",
            "NBT": "{}"
          },
          "weight": 16
        },
        {
          "value": {
            "ITEM": "the_vault:wutax_crystal",
            "NBT": "{}"
          },
          "weight": 1
        }
      ],
      "name": "Wutax3",
      "description": "Wutax Shards++",
      "color": "16724644",
      "voteLockDurationChangeSeconds": 45
    },
    {
      "blocksPerSpawn": 30000,
      "itemList": [
        {
          "value": {
            "ITEM": "the_vault:vault_essence",
            "NBT": "{}"
          },
          "weight": 16
        }
      ],
      "name": "Essence",
      "description": "Essence",
      "color": "9174207",
      "voteLockDurationChangeSeconds": 30
    },
    {
      "blocksPerSpawn": 20000,
      "itemList": [
        {
          "value": {
            "ITEM": "the_vault:vault_essence",
            "NBT": "{}"
          },
          "weight": 16
        }
      ],
      "name": "Essence2",
      "description": "Essence+",
      "color": "9174207",
      "voteLockDurationChangeSeconds": 45
    },
    {
      "blocksPerSpawn": 10000,
      "itemList": [
        {
          "value": {
            "ITEM": "the_vault:vault_essence",
            "NBT": "{}"
          },
          "weight": 16
        }
      ],
      "name": "Essence3",
      "description": "Essence++",
      "color": "9174207",
      "voteLockDurationChangeSeconds": 60
    },
    {
      "blocksPerSpawn": 8000,
      "itemList": [
        {
          "value": {
            "ITEM": "the_vault:vault_burger",
            "NBT": "{}"
          },
          "weight": 8
        },
        {
          "value": {
            "ITEM": "the_vault:oozing_pizza",
            "NBT": "{}"
          },
          "weight": 32
        },
        {
          "value": {
            "ITEM": "the_vault:vault_stew_mystery",
            "NBT": "{}"
          },
          "weight": 1
        }
      ],
      "name": "XP",
      "description": "XP",
      "color": "16777059",
      "voteLockDurationChangeSeconds": 10
    },
    {
      "blocksPerSpawn": 12000,
      "itemList": [
        {
          "value": {
            "ITEM": "the_vault:vault_burger",
            "NBT": "{}"
          },
          "weight": 8
        },
        {
          "value": {
            "ITEM": "the_vault:oozing_pizza",
            "NBT": "{}"
          },
          "weight": 32
        },
        {
          "value": {
            "ITEM": "the_vault:vault_stew_mystery",
            "NBT": "{}"
          },
          "weight": 1
        }
      ],
      "name": "XP2",
      "description": "XP+",
      "color": "16777059",
      "voteLockDurationChangeSeconds": 20
    },
    {
      "blocksPerSpawn": 16000,
      "itemList": [
        {
          "value": {
            "ITEM": "the_vault:vault_burger",
            "NBT": "{}"
          },
          "weight": 8
        },
        {
          "value": {
            "ITEM": "the_vault:oozing_pizza",
            "NBT": "{}"
          },
          "weight": 32
        },
        {
          "value": {
            "ITEM": "the_vault:vault_stew_mystery",
            "NBT": "{}"
          },
          "weight": 1
        }
      ],
      "name": "XP3",
      "description": "XP++",
      "color": "16777059",
      "voteLockDurationChangeSeconds": 30
    },
    {
      "blocksPerSpawn": 14000,
      "itemList": [
        {
          "value": {
            "ITEM": "the_vault:mod_box",
            "NBT": "{}"
          },
          "weight": 8
        }
      ],
      "name": "ModBox",
      "description": "Mod Boxes",
      "color": "16383",
      "voteLockDurationChangeSeconds": 15
    },
    {
      "blocksPerSpawn": 10000,
      "itemList": [
        {
          "value": {
            "ITEM": "the_vault:mod_box",
            "NBT": "{}"
          },
          "weight": 8
        }
      ],
      "name": "ModBox2",
      "description": "Mod Boxes+",
      "color": "16383",
      "voteLockDurationChangeSeconds": 30
    },
    {
      "blocksPerSpawn": 4000,
      "itemList": [
        {
          "value": {
            "ITEM": "the_vault:vault_bronze",
            "NBT": "{}"
          },
          "weight": 10
        },
        {
          "value": {
            "ITEM": "the_vault:vault_silver",
            "NBT": "{}"
          },
          "weight": 4
        },
        {
          "value": {
            "ITEM": "the_vault:vault_gold",
            "NBT": "{}"
          },
          "weight": 1
        }
      ],
      "name": "Bronze",
      "description": "Vault Gold",
      "color": "16766133",
      "voteLockDurationChangeSeconds": 5
    },
    {
      "blocksPerSpawn": 4000,
      "itemList": [
        {
          "value": {
            "ITEM": "the_vault:vault_bronze",
            "NBT": "{}"
          },
          "weight": 10
        },
        {
          "value": {
            "ITEM": "the_vault:vault_silver",
            "NBT": "{}"
          },
          "weight": 8
        },
        {
          "value": {
            "ITEM": "the_vault:vault_gold",
            "NBT": "{}"
          },
          "weight": 2
        }
      ],
      "name": "Bronze2",
      "description": "Vault Gold+",
      "color": "16766133",
      "voteLockDurationChangeSeconds": 15
    },
    {
      "blocksPerSpawn": 3000,
      "itemList": [
        {
          "value": {
            "ITEM": "the_vault:vault_bronze",
            "NBT": "{}"
          },
          "weight": 8
        },
        {
          "value": {
            "ITEM": "the_vault:vault_silver",
            "NBT": "{}"
          },
          "weight": 10
        },
        {
          "value": {
            "ITEM": "the_vault:vault_gold",
            "NBT": "{}"
          },
          "weight": 3
        }
      ],
      "name": "Bronze3",
      "description": "Vault Gold++",
      "color": "16766133",
      "voteLockDurationChangeSeconds": 30
    },
    {
      "blocksPerSpawn": 90000,
      "itemList": [
        {
          "value": {
            "ITEM": "the_vault:key_iskallium",
            "NBT": "{}"
          },
          "weight": 1
        },
        {
          "value": {
            "ITEM": "the_vault:key_gorginite",
            "NBT": "{}"
          },
          "weight": 1
        },
        {
          "value": {
            "ITEM": "the_vault:key_sparkletine",
            "NBT": "{}"
          },
          "weight": 1
        },
        {
          "value": {
            "ITEM": "the_vault:key_ashium",
            "NBT": "{}"
          },
          "weight": 1
        },
        {
          "value": {
            "ITEM": "the_vault:key_bomignite",
            "NBT": "{}"
          },
          "weight": 1
        },
        {
          "value": {
            "ITEM": "the_vault:key_funsoide",
            "NBT": "{}"
          },
          "weight": 1
        },
        {
          "value": {
            "ITEM": "the_vault:key_tubium",
            "NBT": "{}"
          },
          "weight": 1
        },
        {
          "value": {
            "ITEM": "the_vault:key_upaline",
            "NBT": "{}"
          },
          "weight": 1
        },
        {
          "value": {
            "ITEM": "the_vault:key_puffium",
            "NBT": "{}"
          },
          "weight": 1
        }
      ],
      "name": "Keys",
      "description": "Treasure Key Hunt",
      "color": "60097",
      "voteLockDurationChangeSeconds": 120
    },
    {
      "blocksPerSpawn": 6000,
      "itemList": [
        {
          "value": {
            "ITEM": "the_vault:unidentified_treasure_key",
            "NBT": "{}"
          },
          "weight": 1
        },
        {
          "value": {
            "ITEM": "the_vault:gear_charm",
            "NBT": "{}"
          },
          "weight": 4
        },
        {
          "value": {
            "ITEM": "the_vault:vault_essence",
            "NBT": "{}"
          },
          "weight": 16
        },
        {
          "value": {
            "ITEM": "the_vault:star_shard",
            "NBT": "{}"
          },
          "weight": 8
        },
        {
          "value": {
            "ITEM": "the_vault:skill_shard",
            "NBT": "{}"
          },
          "weight": 4
        },
        {
          "value": {
            "ITEM": "the_vault:skill_essence",
            "NBT": "{}"
          },
          "weight": 8
        },
        {
          "value": {
            "ITEM": "the_vault:skill_orb",
            "NBT": "{}"
          },
          "weight": 1
        },
        {
          "value": {
            "ITEM": "the_vault:orb_frame",
            "NBT": "{}"
          },
          "weight": 2
        },
        {
          "value": {
            "ITEM": "the_vault:star_core",
            "NBT": "{}"
          },
          "weight": 4
        },
        {
          "value": {
            "ITEM": "the_vault:vault_stew_mystery",
            "NBT": "{}"
          },
          "weight": 6
        },
        {
          "value": {
            "ITEM": "the_vault:acceleration_chip",
            "NBT": "{}"
          },
          "weight": 6
        },
        {
          "value": {
            "ITEM": "the_vault:pandoras_box",
            "NBT": "{}"
          },
          "weight": 16
        },
        {
          "value": {
            "ITEM": "the_vault:vault_diamond",
            "NBT": "{}"
          },
          "weight": 16
        },
        {
          "value": {
            "ITEM": "the_vault:banished_soul",
            "NBT": "{}"
          },
          "weight": 4
        },
        {
          "value": {
            "ITEM": "the_vault:vault_platinum",
            "NBT": "{}"
          },
          "weight": 8
        },
        {
          "value": {
            "ITEM": "the_vault:sword",
            "NBT": "{Vault:{Attributes:[{Id:\"the_vault:gear_roll_pool\",BaseValue:\"bav_epic\"}]}}"
          },
          "weight": 4
        },
        {
          "value": {
            "ITEM": "the_vault:axe",
            "NBT": "{Vault:{Attributes:[{Id:\"the_vault:gear_roll_pool\",BaseValue:\"bav_epic\"}]}}"
          },
          "weight": 4
        },
        {
          "value": {
            "ITEM": "the_vault:helmet",
            "NBT": "{Vault:{Attributes:[{Id:\"the_vault:gear_roll_pool\",BaseValue:\"bav_epic\"}]}}"
          },
          "weight": 4
        },
        {
          "value": {
            "ITEM": "the_vault:chestplate",
            "NBT": "{Vault:{Attributes:[{Id:\"the_vault:gear_roll_pool\",BaseValue:\"bav_epic\"}]}}"
          },
          "weight": 4
        },
        {
          "value": {
            "ITEM": "the_vault:leggings",
            "NBT": "{Vault:{Attributes:[{Id:\"the_vault:gear_roll_pool\",BaseValue:\"bav_epic\"}]}}"
          },
          "weight": 4
        },
        {
          "value": {
            "ITEM": "the_vault:boots",
            "NBT": "{Vault:{Attributes:[{Id:\"the_vault:gear_roll_pool\",BaseValue:\"bav_epic\"}]}}"
          },
          "weight": 4
        },
        {
          "value": {
            "ITEM": "the_vault:sword",
            "NBT": "{Vault:{Attributes:[{Id:\"the_vault:gear_roll_pool\",BaseValue:\"bav_rare\"}]}}"
          },
          "weight": 8
        },
        {
          "value": {
            "ITEM": "the_vault:axe",
            "NBT": "{Vault:{Attributes:[{Id:\"the_vault:gear_roll_pool\",BaseValue:\"bav_rare\"}]}}"
          },
          "weight": 8
        },
        {
          "value": {
            "ITEM": "the_vault:helmet",
            "NBT": "{Vault:{Attributes:[{Id:\"the_vault:gear_roll_pool\",BaseValue:\"bav_rare\"}]}}"
          },
          "weight": 8
        },
        {
          "value": {
            "ITEM": "the_vault:chestplate",
            "NBT": "{Vault:{Attributes:[{Id:\"the_vault:gear_roll_pool\",BaseValue:\"bav_rare\"}]}}"
          },
          "weight": 8
        },
        {
          "value": {
            "ITEM": "the_vault:leggings",
            "NBT": "{Vault:{Attributes:[{Id:\"the_vault:gear_roll_pool\",BaseValue:\"bav_rare\"}]}}"
          },
          "weight": 8
        },
        {
          "value": {
            "ITEM": "the_vault:boots",
            "NBT": "{Vault:{Attributes:[{Id:\"the_vault:gear_roll_pool\",BaseValue:\"bav_rare\"}]}}"
          },
          "weight": 8
        }
      ],
      "name": "gamba",
      "description": "Goblin's Gamble",
      "color": "13696768",
      "voteLockDurationChangeSeconds": 240
    },
    {
      "blocksPerSpawn": 4000,
      "itemList": [
        {
          "value": {
            "ITEM": "minecraft:kelp",
            "NBT": "{}"
          },
          "weight": 1
        }
      ],
      "name": "gamba2",
      "description": "Goblin's Gamble",
      "color": "13696768",
      "voteLockDurationChangeSeconds": 240
    },
    {
      "blocksPerSpawn": 20000,
      "itemList": [
        {
          "value": {
            "ITEM": "the_vault:repair_core",
            "NBT": "{}"
          },
          "weight": 12
        }
      ],
      "name": "Repaircores",
      "description": "Repair Cores",
      "color": "11927679",
      "voteLockDurationChangeSeconds": 90
    },
    {
      "blocksPerSpawn": 16000,
      "itemList": [
        {
          "value": {
            "ITEM": "the_vault:void_orb",
            "NBT": "{}"
          },
          "weight": 1
        }
      ],
      "name": "Voidorb",
      "description": "Void Orbs",
      "color": "11927807",
      "voteLockDurationChangeSeconds": 60
    },
    {
      "blocksPerSpawn": 14000,
      "itemList": [
        {
          "value": {
            "ITEM": "the_vault:star_essence",
            "NBT": "{}"
          },
          "weight": 32
        },
        {
          "value": {
            "ITEM": "the_vault:star_shard",
            "NBT": "{}"
          },
          "weight": 4
        },
        {
          "value": {
            "ITEM": "the_vault:star_core",
            "NBT": "{}"
          },
          "weight": 1
        }
      ],
      "name": "Knowledge",
      "description": "Knowledge",
      "color": "8650751",
      "voteLockDurationChangeSeconds": 30
    },
    {
      "blocksPerSpawn": 10000,
      "itemList": [
        {
          "value": {
            "ITEM": "the_vault:star_essence",
            "NBT": "{}"
          },
          "weight": 32
        },
        {
          "value": {
            "ITEM": "the_vault:star_shard",
            "NBT": "{}"
          },
          "weight": 4
        },
        {
          "value": {
            "ITEM": "the_vault:star_core",
            "NBT": "{}"
          },
          "weight": 1
        }
      ],
      "name": "Knowledge2",
      "description": "Knowledge+",
      "color": "8650751",
      "voteLockDurationChangeSeconds": 45
    },
    {
      "blocksPerSpawn": 6000,
      "itemList": [
        {
          "value": {
            "ITEM": "the_vault:star_essence",
            "NBT": "{}"
          },
          "weight": 32
        },
        {
          "value": {
            "ITEM": "the_vault:star_shard",
            "NBT": "{}"
          },
          "weight": 4
        },
        {
          "value": {
            "ITEM": "the_vault:star_core",
            "NBT": "{}"
          },
          "weight": 1
        }
      ],
      "name": "Knowledge2",
      "description": "Knowledge++",
      "color": "8650751",
      "voteLockDurationChangeSeconds": 60
    },
    {
      "blocksPerSpawn": 14000,
      "itemList": [
        {
          "value": {
            "ITEM": "the_vault:skill_essence",
            "NBT": "{}"
          },
          "weight": 48
        },
        {
          "value": {
            "ITEM": "the_vault:skill_shard",
            "NBT": "{}"
          },
          "weight": 4
        },
        {
          "value": {
            "ITEM": "the_vault:orb_frame",
            "NBT": "{}"
          },
          "weight": 1
        }
      ],
      "name": "Skill",
      "description": "Skillpoints",
      "color": "8650557",
      "voteLockDurationChangeSeconds": 45
    },
    {
      "blocksPerSpawn": 8000,
      "itemList": [
        {
          "value": {
            "ITEM": "the_vault:skill_essence",
            "NBT": "{}"
          },
          "weight": 36
        },
        {
          "value": {
            "ITEM": "the_vault:skill_shard",
            "NBT": "{}"
          },
          "weight": 4
        },
        {
          "value": {
            "ITEM": "the_vault:orb_frame",
            "NBT": "{}"
          },
          "weight": 1
        }
      ],
      "name": "Skill2",
      "description": "Skillpoints+",
      "color": "8650557",
      "voteLockDurationChangeSeconds": 75
    },
    {
      "blocksPerSpawn": 6000,
      "itemList": [
        {
          "value": {
            "ITEM": "the_vault:skill_essence",
            "NBT": "{}"
          },
          "weight": 36
        },
        {
          "value": {
            "ITEM": "the_vault:skill_shard",
            "NBT": "{}"
          },
          "weight": 4
        },
        {
          "value": {
            "ITEM": "the_vault:orb_frame",
            "NBT": "{}"
          },
          "weight": 1
        }
      ],
      "name": "Skill3",
      "description": "Skillpoints++",
      "color": "8650557",
      "voteLockDurationChangeSeconds": 90
    },
    {
      "blocksPerSpawn": 32000,
      "itemList": [
        {
          "value": {
            "ITEM": "the_vault:vault_catalyst",
            "NBT": "{}"
          },
          "weight": 1
        },
        {
          "value": {
            "ITEM": "the_vault:vault_catalyst_fragment",
            "NBT": "{}"
          },
          "weight": 4
        }
      ],
      "name": "prismatic",
      "description": "Prismatic",
      "color": "16755657",
      "voteLockDurationChangeSeconds": 10
    },
    {
      "blocksPerSpawn": 12000,
      "itemList": [
        {
          "value": {
            "ITEM": "the_vault:vault_catalyst",
            "NBT": "{}"
          },
          "weight": 1
        },
        {
          "value": {
            "ITEM": "the_vault:vault_catalyst_fragment",
            "NBT": "{}"
          },
          "weight": 4
        }
      ],
      "name": "prismatic2",
      "description": "Prismatic x2",
      "color": "16747208",
      "voteLockDurationChangeSeconds": 30
    },
    {
      "blocksPerSpawn": 8000,
      "itemList": [
        {
          "value": {
            "ITEM": "the_vault:vault_catalyst",
            "NBT": "{}"
          },
          "weight": 1
        },
        {
          "value": {
            "ITEM": "the_vault:vault_catalyst_fragment",
            "NBT": "{}"
          },
          "weight": 4
        }
      ],
      "name": "prismatic3",
      "description": "Prismatic x4",
      "color": "16747208",
      "voteLockDurationChangeSeconds": 60
    },
    {
      "blocksPerSpawn": 14000,
      "itemList": [
        {
          "value": {
            "ITEM": "the_vault:helmet",
            "NBT": "{Vault:{Attributes:[{Id:\"the_vault:gear_roll_pool\",BaseValue:\"normal\"}]}}"
          },
          "weight": 1
        },
        {
          "value": {
            "ITEM": "the_vault:chestplate",
            "NBT": "{Vault:{Attributes:[{Id:\"the_vault:gear_roll_pool\",BaseValue:\"normal\"}]}}"
          },
          "weight": 1
        },
        {
          "value": {
            "ITEM": "the_vault:leggings",
            "NBT": "{Vault:{Attributes:[{Id:\"the_vault:gear_roll_pool\",BaseValue:\"normal\"}]}}"
          },
          "weight": 1
        },
        {
          "value": {
            "ITEM": "the_vault:boots",
            "NBT": "{Vault:{Attributes:[{Id:\"the_vault:gear_roll_pool\",BaseValue:\"normal\"}]}}"
          },
          "weight": 1
        },
        {
          "value": {
            "ITEM": "the_vault:sword",
            "NBT": "{Vault:{Attributes:[{Id:\"the_vault:gear_roll_pool\",BaseValue:\"normal\"}]}}"
          },
          "weight": 1
        },
        {
          "value": {
            "ITEM": "the_vault:axe",
            "NBT": "{Vault:{Attributes:[{Id:\"the_vault:gear_roll_pool\",BaseValue:\"normal\"}]}}"
          },
          "weight": 1
        },
        {
          "value": {
            "ITEM": "the_vault:idol_benevolent",
            "NBT": "{Vault:{Attributes:[{Id:\"the_vault:gear_roll_pool\",BaseValue:\"normal\"}]}}"
          },
          "weight": 1
        },
        {
          "value": {
            "ITEM": "the_vault:idol_omniscient",
            "NBT": "{Vault:{Attributes:[{Id:\"the_vault:gear_roll_pool\",BaseValue:\"normal\"}]}}"
          },
          "weight": 1
        },
        {
          "value": {
            "ITEM": "the_vault:idol_timekeeper",
            "NBT": "{Vault:{Attributes:[{Id:\"the_vault:gear_roll_pool\",BaseValue:\"normal\"}]}}"
          },
          "weight": 1
        },
        {
          "value": {
            "ITEM": "the_vault:idol_malevolence",
            "NBT": "{Vault:{Attributes:[{Id:\"the_vault:gear_roll_pool\",BaseValue:\"normal\"}]}}"
          },
          "weight": 1
        }
      ],
      "name": "vaultgear",
      "description": "Vault Gear",
      "color": "3128464",
      "voteLockDurationChangeSeconds": 15
    },
    {
      "blocksPerSpawn": 8000,
      "itemList": [
        {
          "value": {
            "ITEM": "the_vault:helmet",
            "NBT": "{Vault:{Attributes:[{Id:\"the_vault:gear_roll_pool\",BaseValue:\"normal\"}]}}"
          },
          "weight": 1
        },
        {
          "value": {
            "ITEM": "the_vault:chestplate",
            "NBT": "{Vault:{Attributes:[{Id:\"the_vault:gear_roll_pool\",BaseValue:\"normal\"}]}}"
          },
          "weight": 1
        },
        {
          "value": {
            "ITEM": "the_vault:leggings",
            "NBT": "{Vault:{Attributes:[{Id:\"the_vault:gear_roll_pool\",BaseValue:\"normal\"}]}}"
          },
          "weight": 1
        },
        {
          "value": {
            "ITEM": "the_vault:boots",
            "NBT": "{Vault:{Attributes:[{Id:\"the_vault:gear_roll_pool\",BaseValue:\"normal\"}]}}"
          },
          "weight": 1
        },
        {
          "value": {
            "ITEM": "the_vault:sword",
            "NBT": "{Vault:{Attributes:[{Id:\"the_vault:gear_roll_pool\",BaseValue:\"normal\"}]}}"
          },
          "weight": 1
        },
        {
          "value": {
            "ITEM": "the_vault:axe",
            "NBT": "{Vault:{Attributes:[{Id:\"the_vault:gear_roll_pool\",BaseValue:\"normal\"}]}}"
          },
          "weight": 1
        },
        {
          "value": {
            "ITEM": "the_vault:idol_benevolent",
            "NBT": "{Vault:{Attributes:[{Id:\"the_vault:gear_roll_pool\",BaseValue:\"normal\"}]}}"
          },
          "weight": 1
        },
        {
          "value": {
            "ITEM": "the_vault:idol_omniscient",
            "NBT": "{Vault:{Attributes:[{Id:\"the_vault:gear_roll_pool\",BaseValue:\"normal\"}]}}"
          },
          "weight": 1
        },
        {
          "value": {
            "ITEM": "the_vault:idol_timekeeper",
            "NBT": "{Vault:{Attributes:[{Id:\"the_vault:gear_roll_pool\",BaseValue:\"normal\"}]}}"
          },
          "weight": 1
        },
        {
          "value": {
            "ITEM": "the_vault:idol_malevolence",
            "NBT": "{Vault:{Attributes:[{Id:\"the_vault:gear_roll_pool\",BaseValue:\"normal\"}]}}"
          },
          "weight": 1
        }
      ],
      "name": "vaultgear2",
      "description": "Vault Gear x2",
      "color": "3128464",
      "voteLockDurationChangeSeconds": 20
    },
    {
      "blocksPerSpawn": 4000,
      "itemList": [
        {
          "value": {
            "ITEM": "the_vault:helmet",
            "NBT": "{Vault:{Attributes:[{Id:\"the_vault:gear_roll_pool\",BaseValue:\"normal\"}]}}"
          },
          "weight": 1
        },
        {
          "value": {
            "ITEM": "the_vault:chestplate",
            "NBT": "{Vault:{Attributes:[{Id:\"the_vault:gear_roll_pool\",BaseValue:\"normal\"}]}}"
          },
          "weight": 1
        },
        {
          "value": {
            "ITEM": "the_vault:leggings",
            "NBT": "{Vault:{Attributes:[{Id:\"the_vault:gear_roll_pool\",BaseValue:\"normal\"}]}}"
          },
          "weight": 1
        },
        {
          "value": {
            "ITEM": "the_vault:boots",
            "NBT": "{Vault:{Attributes:[{Id:\"the_vault:gear_roll_pool\",BaseValue:\"normal\"}]}}"
          },
          "weight": 1
        },
        {
          "value": {
            "ITEM": "the_vault:sword",
            "NBT": "{Vault:{Attributes:[{Id:\"the_vault:gear_roll_pool\",BaseValue:\"normal\"}]}}"
          },
          "weight": 1
        },
        {
          "value": {
            "ITEM": "the_vault:axe",
            "NBT": "{Vault:{Attributes:[{Id:\"the_vault:gear_roll_pool\",BaseValue:\"normal\"}]}}"
          },
          "weight": 1
        },
        {
          "value": {
            "ITEM": "the_vault:idol_benevolent",
            "NBT": "{Vault:{Attributes:[{Id:\"the_vault:gear_roll_pool\",BaseValue:\"normal\"}]}}"
          },
          "weight": 1
        },
        {
          "value": {
            "ITEM": "the_vault:idol_omniscient",
            "NBT": "{Vault:{Attributes:[{Id:\"the_vault:gear_roll_pool\",BaseValue:\"normal\"}]}}"
          },
          "weight": 1
        },
        {
          "value": {
            "ITEM": "the_vault:idol_timekeeper",
            "NBT": "{Vault:{Attributes:[{Id:\"the_vault:gear_roll_pool\",BaseValue:\"normal\"}]}}"
          },
          "weight": 1
        },
        {
          "value": {
            "ITEM": "the_vault:idol_malevolence",
            "NBT": "{Vault:{Attributes:[{Id:\"the_vault:gear_roll_pool\",BaseValue:\"normal\"}]}}"
          },
          "weight": 1
        }
      ],
      "name": "vaultgear3",
      "description": "Vault Gear x4",
      "color": "12369084",
      "voteLockDurationChangeSeconds": 30
    }
  ],
  "TIME_MODIFIER": [
    {
      "timeChange": 3600,
      "name": "moretime3",
      "description": "+3 Minutes",
      "color": "14591",
      "voteLockDurationChangeSeconds": 60
    },
    {
      "timeChange": 1200,
      "name": "moretime2",
      "description": "+1 Minute",
      "color": "35327",
      "voteLockDurationChangeSeconds": 30
    },
    {
      "timeChange": 2400,
      "name": "MoreTime2",
      "description": "+2 Minutes",
      "color": "28927",
      "voteLockDurationChangeSeconds": 60
    },
    {
      "timeChange": 600,
      "name": "moretime1",
      "description": "+30 Seconds",
      "color": "28927",
      "voteLockDurationChangeSeconds": 5
    },
    {
      "timeChange": -3600,
      "name": "lesstime3",
      "description": "-3 Minutes",
      "color": "16711680",
      "voteLockDurationChangeSeconds": -120
    },
    {
      "timeChange": -2400,
      "name": "LessTime2",
      "description": "-2 Minutes",
      "color": "16728320",
      "voteLockDurationChangeSeconds": -90
    },
    {
      "timeChange": -1200,
      "name": "lesstime2",
      "description": "-1 Minute",
      "color": "16740608",
      "voteLockDurationChangeSeconds": -45
    },
    {
      "timeChange": -600,
      "name": "lesstime1",
      "description": "-30 Seconds",
      "color": "16740608",
      "voteLockDurationChangeSeconds": -15
    }
  ],
  "ADDITIONAL_MOB_SPAWNS": [
    {
      "blocksPerSpawn": 200000,
      "name": "Peaceful",
      "description": "Peaceful",
      "color": "16777215",
      "voteLockDurationChangeSeconds": -5
    },
    {
      "blocksPerSpawn": 200000,
      "name": "Peaceful2",
      "description": "Peaceful+",
      "color": "16777215",
      "voteLockDurationChangeSeconds": -5
    },
    {
      "blocksPerSpawn": 200000,
      "name": "Peaceful3",
      "description": "Peaceful++",
      "color": "16777215",
      "voteLockDurationChangeSeconds": -10
    },
    {
      "blocksPerSpawn": 6000,
      "name": "crowded",
      "description": "Crowded",
      "color": "16735744",
      "voteLockDurationChangeSeconds": -10
    },
    {
      "blocksPerSpawn": 3000,
      "name": "crowded2",
      "description": "Crowded x2",
      "color": "16735744",
      "voteLockDurationChangeSeconds": -20
    },
    {
      "blocksPerSpawn": 1200,
      "name": "crowded3",
      "description": "Crowded x4",
      "color": "16735744",
      "voteLockDurationChangeSeconds": -60
    },
    {
      "blocksPerSpawn": 1000,
      "name": "Mobs4",
      "description": "Chaotic",
      "color": "13893632",
      "voteLockDurationChangeSeconds": -50
    },
    {
      "blocksPerSpawn": 800,
      "name": "Mobs5",
      "description": "Chaotic+",
      "color": "13893632",
      "voteLockDurationChangeSeconds": -60
    },
    {
      "blocksPerSpawn": 600,
      "name": "Mobs6",
      "description": "Chaotic++",
      "color": "13893632",
      "voteLockDurationChangeSeconds": -60
    }
  ],
  "ROOM_SELECTION": [
    {
      "filterChance": 1.0,
      "selectedRoomPrefixes": [
        "the_vault:vault/enigma/rooms/mineshaft/",
        "the_vault:vault/enigma/rooms/x_spot/",
        "the_vault:vault/enigma/rooms/digsite/",
        "the_vault:vault/enigma/rooms/viewer/",
        "the_vault:vault/enigma/rooms/puzzle_cube/"
      ],
      "name": "omegaroom",
      "description": "Random Omega Room",
      "color": "10223360",
      "voteLockDurationChangeSeconds": 30
    },
    {
      "filterChance": 0.25,
      "selectedRoomPrefixes": [
        "the_vault:vault/enigma/rooms/mineshaft/",
        "the_vault:vault/enigma/rooms/x_spot/",
        "the_vault:vault/enigma/rooms/digsite/",
        "the_vault:vault/enigma/rooms/viewer/",
        "the_vault:vault/enigma/rooms/puzzle_cube/"
      ],
      "name": "OmegaRooms2",
      "description": "25% Omega Room",
      "color": "65280",
      "voteLockDurationChangeSeconds": 15
    },
    {
      "filterChance": 1.0,
      "selectedRoomPrefixes": [
        "the_vault:vault/enigma/rooms/mineshaft/"
      ],
      "name": "mine",
      "description": "Mine",
      "color": "10223360",
      "voteLockDurationChangeSeconds": 90
    },
    {
      "filterChance": 1.0,
      "selectedRoomPrefixes": [
        "the_vault:vault/enigma/rooms/digsite/"
      ],
      "name": "digsite",
      "description": "Digsite",
      "color": "10223360",
      "voteLockDurationChangeSeconds": 60
    },
    {
      "filterChance": 1.0,
      "selectedRoomPrefixes": [
        "the_vault:vault/enigma/rooms/x_spot/"
      ],
      "name": "xmark",
      "description": "X-Mark Room",
      "color": "10223360",
      "voteLockDurationChangeSeconds": 15
    },
    {
      "filterChance": 1.0,
      "selectedRoomPrefixes": [
        "the_vault:vault/enigma/rooms/viewer/"
      ],
      "name": "viewer",
      "description": "Viewer Room",
      "color": "10223360",
      "voteLockDurationChangeSeconds": 30
    },
    {
      "filterChance": 1.0,
      "selectedRoomPrefixes": [
        "the_vault:vault/enigma/rooms/puzzle_cube/"
      ],
      "name": "puzzle",
      "description": "Puzzle Room",
      "color": "10223360",
      "voteLockDurationChangeSeconds": 30
    },
    {
      "filterChance": 1.0,
      "selectedRoomPrefixes": [
        "the_vault:vault/enigma/rooms/vendor/"
      ],
      "name": "vendor",
      "description": "Vendor Room",
      "color": "10223360",
      "voteLockDurationChangeSeconds": 60
    },
    {
      "filterChance": 1.0,
      "selectedRoomPrefixes": [
        "the_vault:vault/enigma/rooms/crystal_caves/"
      ],
      "name": "crystalcaves",
      "description": "Crystal Caves",
      "color": "13500634",
      "voteLockDurationChangeSeconds": 15
    },
    {
      "filterChance": 1.0,
      "selectedRoomPrefixes": [
        "the_vault:vault/enigma/rooms/graves/"
      ],
      "name": "graves",
      "description": "Graveyard",
      "color": "13500634",
      "voteLockDurationChangeSeconds": 5
    },
    {
      "filterChance": 1.0,
      "selectedRoomPrefixes": [
        "the_vault:vault/enigma/rooms/wildwest/"
      ],
      "name": "wildwest",
      "description": "Wild West",
      "color": "16772200",
      "voteLockDurationChangeSeconds": 0
    },
    {
      "filterChance": 1.0,
      "selectedRoomPrefixes": [
        "the_vault:vault/enigma/rooms/mushroom_forest/"
      ],
      "name": "mushroomforest",
      "description": "Mushroom Forest",
      "color": "4962796",
      "voteLockDurationChangeSeconds": -5
    },
    {
      "filterChance": 1.0,
      "selectedRoomPrefixes": [
        "the_vault:vault/enigma/rooms/lava/"
      ],
      "name": "caverns",
      "description": "Caverns",
      "color": "4962796",
      "voteLockDurationChangeSeconds": -5
    },
    {
      "filterChance": 1.0,
      "selectedRoomPrefixes": [
        "the_vault:vault/enigma/rooms/forest/"
      ],
      "name": "biomes",
      "description": "Biomes",
      "color": "4962796",
      "voteLockDurationChangeSeconds": -5
    },
    {
      "filterChance": 1.0,
      "selectedRoomPrefixes": [
        "the_vault:vault/enigma/rooms/pirate_cove/"
      ],
      "name": "piratecove",
      "description": "Pirate Coves",
      "color": "4962796",
      "voteLockDurationChangeSeconds": -10
    },
    {
      "filterChance": 1.0,
      "selectedRoomPrefixes": [
        "the_vault:vault/enigma/rooms/rainbow_forest/"
      ],
      "name": "rainbowforest",
      "description": "Rainbow Forest",
      "color": "4962796",
      "voteLockDurationChangeSeconds": -5
    },
    {
      "filterChance": 1.0,
      "selectedRoomPrefixes": [
        "the_vault:vault/enigma/rooms/lakes/"
      ],
      "name": "lakes",
      "description": "Lakes",
      "color": "4962796",
      "voteLockDurationChangeSeconds": -5
    },
    {
      "filterChance": 1.0,
      "selectedRoomPrefixes": [
        "the_vault:vault/enigma/rooms/village/"
      ],
      "name": "village",
      "description": "Village",
      "color": "16772200",
      "voteLockDurationChangeSeconds": 10
    },
    {
      "filterChance": 1.0,
      "selectedRoomPrefixes": [
        "the_vault:vault/enigma/rooms/contest_dragon/"
      ],
      "name": "dragon",
      "description": "Dragon Lair",
      "color": "13500634",
      "voteLockDurationChangeSeconds": 15
    },
    {
      "filterChance": 1.0,
      "selectedRoomPrefixes": [
        "the_vault:vault/enigma/rooms/contest_pixel/"
      ],
      "name": "pixel",
      "description": "Pixel Art",
      "color": "10223360",
      "voteLockDurationChangeSeconds": 60
    },
    {
      "filterChance": 1.0,
      "selectedRoomPrefixes": [
        "the_vault:vault/enigma/rooms/contest_fishtank/"
      ],
      "name": "fishtank",
      "description": "Aquarium",
      "color": "13500634",
      "voteLockDurationChangeSeconds": 10
    },
    {
      "filterChance": 1.0,
      "selectedRoomPrefixes": [
        "the_vault:vault/enigma/rooms/contest_alien/"
      ],
      "name": "alien",
      "description": "End World",
      "color": "16772200",
      "voteLockDurationChangeSeconds": 10
    },
    {
      "filterChance": 1.0,
      "selectedRoomPrefixes": [
        "the_vault:vault/enigma/rooms/contest_web/"
      ],
      "name": "web",
      "description": "Spider Nest",
      "color": "16772200",
      "voteLockDurationChangeSeconds": 0
    },
    {
      "filterChance": 1.0,
      "selectedRoomPrefixes": [
        "the_vault:vault/enigma/rooms/contest_tree/"
      ],
      "name": "tree",
      "description": "Mega Tree",
      "color": "16772200",
      "voteLockDurationChangeSeconds": 5
    },
    {
      "filterChance": 1.0,
      "selectedRoomPrefixes": [
        "the_vault:vault/enigma/rooms/contest_oriental/"
      ],
      "name": "oriental",
      "description": "Cherry Blossoms",
      "color": "4962796",
      "voteLockDurationChangeSeconds": -5
    },
    {
      "filterChance": 1.0,
      "selectedRoomPrefixes": [
        "the_vault:vault/enigma/rooms/contest_mustard/"
      ],
      "name": "mustard",
      "description": "Yellow Brick Road",
      "color": "4962796",
      "voteLockDurationChangeSeconds": -5
    },
    {
      "filterChance": 1.0,
      "selectedRoomPrefixes": [
        "the_vault:vault/enigma/rooms/contest_birdcage/"
      ],
      "name": "birdcage",
      "description": "Ancient Temple",
      "color": "16772200",
      "voteLockDurationChangeSeconds": 0
    },
    {
      "filterChance": 1.0,
      "selectedRoomPrefixes": [
        "the_vault:vault/enigma/rooms/contest_city/"
      ],
      "name": "city",
      "description": "City Streets",
      "color": "16772200",
      "voteLockDurationChangeSeconds": 0
    }
  ],
  "RANDOM": [
    {
      "name": "random",
      "description": "Random",
      "color": "65535",
      "voteLockDurationChangeSeconds": -10
    },
    {
      "name": "random2",
      "description": "Random",
      "color": "65535",
      "voteLockDurationChangeSeconds": 10
    },
    {
      "name": "Random3",
      "description": "Random",
      "color": "65535",
      "voteLockDurationChangeSeconds": 5
    },
    {
      "name": "Random4",
      "description": "Random",
      "color": "65535",
      "voteLockDurationChangeSeconds": -30
    }
  ],
  "BOSS": {
    "portalChance": 1.0,
    "name": "BossExit",
    "description": "Exit Vault",
    "color": "65535",
    "voteLockDurationChangeSeconds": 0
  },
  "requiredPolls": {
    "min": 24,
    "max": 38
  },
  "rolls": [
    {
      "value": "gilded",
      "weight": 8
    },
    {
      "value": "gilded2",
      "weight": 4
    },
    {
      "value": "gilded3",
      "weight": 2
    },
    {
      "value": "crowded",
      "weight": 16
    },
    {
      "value": "crowded2",
      "weight": 12
    },
    {
      "value": "crowded3",
      "weight": 8
    },
    {
      "value": "moretime1",
      "weight": 12
    },
    {
      "value": "moretime2",
      "weight": 6
    },
    {
      "value": "moretime3",
      "weight": 2
    },
    {
      "value": "lesstime1",
      "weight": 16
    },
    {
      "value": "lesstime2",
      "weight": 6
    },
    {
      "value": "lesstime1",
      "weight": 2
    },
    {
      "value": "treasure",
      "weight": 2
    },
    {
      "value": "treasure2",
      "weight": 1
    },
    {
      "value": "prismatic",
      "weight": 8
    },
    {
      "value": "prismatic2",
      "weight": 4
    },
    {
      "value": "prismatic3",
      "weight": 2
    },
    {
      "value": "vaultgear",
      "weight": 8
    },
    {
      "value": "vaultgear2",
      "weight": 4
    },
    {
      "value": "mine",
      "weight": 1
    },
    {
      "value": "digsite",
      "weight": 2
    },
    {
      "value": "viewer",
      "weight": 6
    },
    {
      "value": "puzzle",
      "weight": 4
    },
    {
      "value": "xmark",
      "weight": 6
    },
    {
      "value": "omegaroom",
      "weight": 7
    },
    {
      "value": "lakes",
      "weight": 20
    },
    {
      "value": "wildwest",
      "weight": 12
    },
    {
      "value": "crystalcaves",
      "weight": 10
    },
    {
      "value": "village",
      "weight": 14
    },
    {
      "value": "mushroomforest",
      "weight": 20
    },
    {
      "value": "random",
      "weight": 18
    },
    {
      "value": "random2",
      "weight": 18
    },
    {
      "value": "caverns",
      "weight": 20
    },
    {
      "value": "rainbowforest",
      "weight": 20
    },
    {
      "value": "piratecove",
      "weight": 20
    },
    {
      "value": "biomes",
      "weight": 20
    },
    {
      "value": "tree",
      "weight": 12
    },
    {
      "value": "pixel",
      "weight": 6
    },
    {
      "value": "dragon",
      "weight": 10
    },
    {
      "value": "vendor",
      "weight": 3
    },
    {
      "value": "graves",
      "weight": 10
    },
    {
      "value": "fishtank",
      "weight": 10
    },
    {
      "value": "alien",
      "weight": 12
    },
    {
      "value": "web",
      "weight": 14
    },
    {
      "value": "oriental",
      "weight": 16
    },
    {
      "value": "city",
      "weight": 10
    },
    {
      "value": "birdcage",
      "weight": 10
    },
    {
      "value": "mustard",
      "weight": 16
    }
  ]
}