{
  "LEVEL_OVERRIDES": [
    {
      "MIN_MONTHS": 0,
      "BOSS_CONFIG": {
        "LOOT": {
          "mainhand": [
            "minecraft:air"
          ],
          "head": [
            "minecraft:air"
          ],
          "feet": [
            "minecraft:air"
          ],
          "chest": [
            "minecraft:leather_chestplate",
			"minecraft:air"
          ],
          "legs": [
            "minecraft:air"
          ],
          "offhand": [
            "minecraft:air"
          ]
        },
        "ATTRIBUTES": [
          {
            "NAME": "minecraft:generic.max_health",
            "DEFAULT_VALUE": 200.0
          }
        ],
        "ENCH_LEVEL": 1,
        "ENCH_TRIALS": 0,
        "MOB_SIZE": 4.0
      },
      "FIGHTER_CONFIG": {
        "LOOT": {
          "mainhand": [
            "minecraft:wooden_sword",
            "minecraft:wooden_axe",
            "minecraft:wooden_pickaxe",
            "minecraft:wooden_shovel",
            "minecraft:wooden_hoe",
            "minecraft:stone_sword",
            "minecraft:stone_axe",
            "minecraft:stone_pickaxe",
            "minecraft:stone_shovel",
            "minecraft:stone_hoe"
          ],
          "head": [
            "minecraft:air"
          ],
          "feet": [
            "minecraft:air"
          ],
          "chest": [
            "minecraft:leather_chestplate",
			"minecraft:air"
          ],
          "legs": [
            "minecraft:air"
          ],
          "offhand": [
            "minecraft:air"
          ]
        },
        "ATTRIBUTES": [],
        "ENCH_LEVEL": 1,
        "ENCH_TRIALS": 0,
        "MOB_SIZE": 0.5
      }
    },
	{
      "MIN_MONTHS": 3,
      "BOSS_CONFIG": {
        "LOOT": {
          "mainhand": [
            "minecraft:wooden_sword",
            "minecraft:wooden_axe",
            "minecraft:wooden_pickaxe",
            "minecraft:wooden_shovel",
            "minecraft:wooden_hoe",
            "minecraft:stone_sword",
            "minecraft:stone_axe",
            "minecraft:stone_pickaxe",
            "minecraft:stone_shovel",
            "minecraft:stone_hoe"
          ],
          "head": [
            "minecraft:air"
          ],
          "feet": [
            "minecraft:leather_boots"
          ],
          "chest": [
            "minecraft:leather_chestplate",
			"minecraft:air"
          ],
          "legs": [
            "minecraft:leather_leggings"
          ],
          "offhand": [
            "minecraft:air"
          ]
        },
        "ATTRIBUTES": [
          {
            "NAME": "minecraft:generic.max_health",
            "DEFAULT_VALUE": 170.0
          }
        ],
        "ENCH_LEVEL": 1,
        "ENCH_TRIALS": 0,
        "MOB_SIZE": 4.0
      },
      "FIGHTER_CONFIG": {
        "LOOT": {
          "mainhand": [
            "minecraft:wooden_sword",
            "minecraft:wooden_axe",
            "minecraft:wooden_pickaxe",
            "minecraft:wooden_shovel",
            "minecraft:wooden_hoe",
            "minecraft:stone_sword",
            "minecraft:stone_axe",
            "minecraft:stone_pickaxe",
            "minecraft:stone_shovel",
			"minecraft:netherite_sword",
			"minecraft:netherite_axe",
            "minecraft:stone_hoe"
          ],
          "head": [
            "minecraft:air"
          ],
          "feet": [
            "minecraft:leather_boots"
          ],
          "chest": [
            "minecraft:leather_chestplate",
			"minecraft:air"
          ],
          "legs": [
            "minecraft:leather_leggings"
          ],
          "offhand": [
            "minecraft:air"
          ]
        },
        "ATTRIBUTES": [],
        "ENCH_LEVEL": 1,
        "ENCH_TRIALS": 0,
        "MOB_SIZE": 1.0
      }
    },
    {
      "MIN_MONTHS": 6,
      "BOSS_CONFIG": {
        "LOOT": {
          "mainhand": [
            "minecraft:stone_sword",
            "minecraft:stone_axe",
            "minecraft:stone_pickaxe",
            "minecraft:stone_shovel",
            "minecraft:stone_hoe",
            "minecraft:golden_sword",
            "minecraft:golden_axe",
            "minecraft:golden_pickaxe",
            "minecraft:golden_shovel",
			      "minecraft:netherite_sword",
            "minecraft:netherite_axe",
            "minecraft:diamond_sword",
            "minecraft:diamond_axe",
            "minecraft:golden_hoe",
		      	"minecraft:stick"
          ],
          "head": [
            "minecraft:air"
          ],
          "feet": [
            "minecraft:leather_boots",
            "minecraft:chainmail_boots",
            "minecraft:iron_boots",
            "minecraft:diamond_boots",
            "minecraft:air"
          ],
          "chest": [
            "minecraft:leather_chestplate",
            "minecraft:chainmail_chestplate",
            "minecraft:diamond_chestplate",
            "minecraft:iron_chestplate",
			      "minecraft:air"
          ],
          "legs": [
            "minecraft:leather_leggings",
            "minecraft:chainmail_leggings",
            "minecraft:golden_leggings",
            "minecraft:air"
          ],
          "offhand": [
            "minecraft:air",
            "minecraft:stick"
          ]
        },
        "ATTRIBUTES": [
          {
            "NAME": "minecraft:generic.max_health",
            "DEFAULT_VALUE": 160.0
          }
        ],
        "ENCH_LEVEL": 1,
        "ENCH_TRIALS": 1,
        "MOB_SIZE": 4.0
      },
      "FIGHTER_CONFIG": {
        "LOOT": {
          "mainhand": [
            "minecraft:stone_sword",
            "minecraft:stone_axe",
            "minecraft:stone_pickaxe",
            "minecraft:stone_shovel",
            "minecraft:stone_hoe",
            "minecraft:golden_sword",
            "minecraft:golden_axe",
            "minecraft:golden_pickaxe",
            "minecraft:golden_shovel",
			"minecraft:netherite_sword",
			"minecraft:netherite_axe",
            "minecraft:golden_hoe"
          ],
          "head": [
            "minecraft:air"
          ],
          "feet": [
            "minecraft:leather_boots",
            "minecraft:chainmail_boots"
          ],
          "chest": [
            "minecraft:leather_chestplate",
            "minecraft:chainmail_chestplate",
			"minecraft:air"
          ],
          "legs": [
            "minecraft:leather_leggings",
            "minecraft:chainmail_leggings"
          ],
          "offhand": [
            "minecraft:air"
          ]
        },
        "ATTRIBUTES": [],
        "ENCH_LEVEL": 1,
        "ENCH_TRIALS": 1,
        "MOB_SIZE": 1.25
      }
    },
    {
      "MIN_MONTHS": 9,
      "BOSS_CONFIG": {
        "LOOT": {
          "mainhand": [
            "minecraft:stone_sword",
            "minecraft:stone_axe",
            "minecraft:stone_pickaxe",
            "minecraft:stone_shovel",
            "minecraft:stone_hoe",
            "minecraft:golden_sword",
            "minecraft:golden_axe",
            "minecraft:golden_pickaxe",
            "minecraft:golden_shovel",
			      "minecraft:netherite_sword",
            "minecraft:netherite_axe",
            "minecraft:diamond_sword",
            "minecraft:diamond_axe",
            "minecraft:golden_hoe",
		      	"minecraft:stick"
          ],
          "head": [
            "minecraft:air"
          ],
          "feet": [
            "minecraft:leather_boots",
            "minecraft:chainmail_boots",
            "minecraft:iron_boots",
            "minecraft:diamond_boots",
            "minecraft:air"
          ],
          "chest": [
            "minecraft:leather_chestplate",
            "minecraft:chainmail_chestplate",
            "minecraft:diamond_chestplate",
            "minecraft:iron_chestplate",
			      "minecraft:air"
          ],
          "legs": [
            "minecraft:leather_leggings",
            "minecraft:chainmail_leggings",
            "minecraft:golden_leggings",
            "minecraft:air"
          ],
          "offhand": [
            "minecraft:air",
            "minecraft:stick"
          ]
        },
        "ATTRIBUTES": [
          {
            "NAME": "minecraft:generic.max_health",
            "DEFAULT_VALUE": 160.0
          }
        ],
        "ENCH_LEVEL": 1,
        "ENCH_TRIALS": 1,
        "MOB_SIZE": 4.0
      },
      "FIGHTER_CONFIG": {
        "LOOT": {
          "mainhand": [
            "minecraft:golden_sword",
            "minecraft:golden_axe",
            "minecraft:golden_pickaxe",
            "minecraft:golden_shovel",
            "minecraft:golden_hoe",
            "minecraft:iron_sword",
            "minecraft:iron_axe",
            "minecraft:iron_pickaxe",
            "minecraft:iron_shovel",
			"minecraft:netherite_sword",
			"minecraft:netherite_axe",
            "minecraft:iron_hoe"
          ],
          "head": [
            "minecraft:air"
          ],
          "feet": [
            "minecraft:golden_boots",
            "minecraft:chainmail_boots"
          ],
          "chest": [
            "minecraft:golden_chestplate",
            "minecraft:chainmail_chestplate",
			"minecraft:air"
          ],
          "legs": [
            "minecraft:golden_leggings",
            "minecraft:chainmail_leggings"
          ],
          "offhand": [
            "minecraft:air"
          ]
        },
        "ATTRIBUTES": [],
        "ENCH_LEVEL": 1,
        "ENCH_TRIALS": 1,
        "MOB_SIZE": 1.25
      }
    },
    {
      "MIN_MONTHS": 12,
      "BOSS_CONFIG": {
        "LOOT": {
          "mainhand": [
            "minecraft:stone_sword",
            "minecraft:stone_axe",
            "minecraft:stone_pickaxe",
            "minecraft:stone_shovel",
            "minecraft:stone_hoe",
            "minecraft:golden_sword",
            "minecraft:golden_axe",
            "minecraft:golden_pickaxe",
            "minecraft:golden_shovel",
			      "minecraft:netherite_sword",
            "minecraft:netherite_axe",
            "minecraft:diamond_sword",
            "minecraft:diamond_axe",
            "minecraft:golden_hoe",
		      	"minecraft:stick"
          ],
          "head": [
            "minecraft:air"
          ],
          "feet": [
            "minecraft:leather_boots",
            "minecraft:chainmail_boots",
            "minecraft:iron_boots",
            "minecraft:diamond_boots",
            "minecraft:air"
          ],
          "chest": [
            "minecraft:leather_chestplate",
            "minecraft:chainmail_chestplate",
            "minecraft:diamond_chestplate",
            "minecraft:iron_chestplate",
			      "minecraft:air"
          ],
          "legs": [
            "minecraft:leather_leggings",
            "minecraft:chainmail_leggings",
            "minecraft:golden_leggings",
            "minecraft:air"
          ],
          "offhand": [
            "minecraft:air",
            "minecraft:stick"
          ]
        },
        "ATTRIBUTES": [
          {
            "NAME": "minecraft:generic.max_health",
            "DEFAULT_VALUE": 160.0
          }
        ],
        "ENCH_LEVEL": 1,
        "ENCH_TRIALS": 1,
        "MOB_SIZE": 4.0
      },
      "FIGHTER_CONFIG": {
        "LOOT": {
          "mainhand": [
            "minecraft:iron_sword",
            "minecraft:iron_axe",
            "minecraft:iron_pickaxe",
            "minecraft:iron_shovel",
            "minecraft:iron_hoe",
            "minecraft:diamond_sword",
            "minecraft:diamond_axe",
            "minecraft:diamond_pickaxe",
            "minecraft:diamond_shovel",
			"minecraft:netherite_sword",
			"minecraft:netherite_axe",
            "minecraft:diamond_hoe",
			"minecraft:golden_sword",
			"minecraft:stick"
          ],
          "head": [
            "minecraft:air"
          ],
          "feet": [
            "minecraft:iron_boots",
            "minecraft:golden_boots"
          ],
          "chest": [
            "minecraft:iron_chestplate",
            "minecraft:golden_chestplate",
			"minecraft:air"
          ],
          "legs": [
            "minecraft:iron_leggings",
            "minecraft:golden_leggings"
          ],
          "offhand": [
            "minecraft:air"
          ]
        },
        "ATTRIBUTES": [],
        "ENCH_LEVEL": 2,
        "ENCH_TRIALS": 1,
        "MOB_SIZE": 1.25
      }
    },
    {
      "MIN_MONTHS": 24,
      "BOSS_CONFIG": {
        "LOOT": {
          "mainhand": [
            "minecraft:stone_sword",
            "minecraft:stone_axe",
            "minecraft:stone_pickaxe",
            "minecraft:stone_shovel",
            "minecraft:stone_hoe",
            "minecraft:golden_sword",
            "minecraft:golden_axe",
            "minecraft:golden_pickaxe",
            "minecraft:golden_shovel",
			      "minecraft:netherite_sword",
            "minecraft:netherite_axe",
            "minecraft:diamond_sword",
            "minecraft:diamond_axe",
            "minecraft:golden_hoe",
		      	"minecraft:stick"
          ],
          "head": [
            "minecraft:air"
          ],
          "feet": [
            "minecraft:leather_boots",
            "minecraft:chainmail_boots",
            "minecraft:iron_boots",
            "minecraft:diamond_boots",
            "minecraft:air"
          ],
          "chest": [
            "minecraft:leather_chestplate",
            "minecraft:chainmail_chestplate",
            "minecraft:diamond_chestplate",
            "minecraft:iron_chestplate",
			      "minecraft:air"
          ],
          "legs": [
            "minecraft:leather_leggings",
            "minecraft:chainmail_leggings",
            "minecraft:golden_leggings",
            "minecraft:air"
          ],
          "offhand": [
            "minecraft:air",
            "minecraft:stick"
          ]
        },
        "ATTRIBUTES": [
          {
            "NAME": "minecraft:generic.max_health",
            "DEFAULT_VALUE": 160.0
          }
        ],
        "ENCH_LEVEL": 1,
        "ENCH_TRIALS": 1,
        "MOB_SIZE": 4.0
      },
      "FIGHTER_CONFIG": {
        "LOOT": {
          "mainhand": [
            "minecraft:diamond_sword",
            "minecraft:diamond_axe",
            "minecraft:diamond_pickaxe",
            "minecraft:diamond_shovel",
			"minecraft:netherite_sword",
			"minecraft:netherite_axe",
            "minecraft:diamond_hoe",
			"minecraft:golden_sword",
			"minecraft:stick"
          ],
          "head": [
            "minecraft:air"
          ],
          "feet": [
            "minecraft:iron_boots",
            "minecraft:diamond_boots"
          ],
          "chest": [
            "minecraft:iron_chestplate",
            "minecraft:diamond_chestplate",
			"minecraft:air"
          ],
          "legs": [
            "minecraft:iron_leggings",
            "minecraft:diamond_leggings"
          ],
          "offhand": [
            "minecraft:air"
          ]
        },
        "ATTRIBUTES": [],
        "ENCH_LEVEL": 2,
        "ENCH_TRIALS": 1,
        "MOB_SIZE": 1.5
      }
    },
    {
      "MIN_MONTHS": 36,
      "BOSS_CONFIG": {
        "LOOT": {
          "mainhand": [
            "minecraft:stone_sword",
            "minecraft:stone_axe",
            "minecraft:stone_pickaxe",
            "minecraft:stone_shovel",
            "minecraft:stone_hoe",
            "minecraft:golden_sword",
            "minecraft:golden_axe",
            "minecraft:golden_pickaxe",
            "minecraft:golden_shovel",
			      "minecraft:netherite_sword",
            "minecraft:netherite_axe",
            "minecraft:diamond_sword",
            "minecraft:diamond_axe",
            "minecraft:golden_hoe",
		      	"minecraft:stick"
          ],
          "head": [
            "minecraft:air"
          ],
          "feet": [
            "minecraft:leather_boots",
            "minecraft:chainmail_boots",
            "minecraft:iron_boots",
            "minecraft:diamond_boots",
            "minecraft:air"
          ],
          "chest": [
            "minecraft:leather_chestplate",
            "minecraft:chainmail_chestplate",
            "minecraft:diamond_chestplate",
            "minecraft:iron_chestplate",
			      "minecraft:air"
          ],
          "legs": [
            "minecraft:leather_leggings",
            "minecraft:chainmail_leggings",
            "minecraft:golden_leggings",
            "minecraft:air"
          ],
          "offhand": [
            "minecraft:air",
            "minecraft:stick"
          ]
        },
        "ATTRIBUTES": [
          {
            "NAME": "minecraft:generic.max_health",
            "DEFAULT_VALUE": 160.0
          }
        ],
        "ENCH_LEVEL": 1,
        "ENCH_TRIALS": 1,
        "MOB_SIZE": 4.0
      },
      "FIGHTER_CONFIG": {
        "LOOT": {
          "mainhand": [
            "minecraft:diamond_sword",
            "minecraft:diamond_axe",
            "minecraft:netherite_sword",
            "minecraft:netherite_axe"
          ],
          "head": [
            "minecraft:air"
          ],
          "feet": [
            "minecraft:diamond_boots",
            "minecraft:netherite_boots"
          ],
          "chest": [
            "minecraft:diamond_chestplate",
            "minecraft:netherite_chestplate",
		      	"minecraft:air"
          ],
          "legs": [
            "minecraft:diamond_leggings",
            "minecraft:netherite_leggings"
          ],
          "offhand": [
            "minecraft:air"
          ]
        },
        "ATTRIBUTES": [
          {
            "NAME": "minecraft:generic.max_health",
            "DEFAULT_VALUE": 60.0
          },
          {
            "NAME": "minecraft:generic.attack_speed",
            "DEFAULT_VALUE": 0.60
          }
	    	],
        "ENCH_LEVEL": 3,
        "ENCH_TRIALS": 1,
        "MOB_SIZE": 2.0
      }
    },
    {
      "MIN_MONTHS": 48,
      "BOSS_CONFIG": {
        "LOOT": {
          "mainhand": [
            "minecraft:stone_sword",
            "minecraft:stone_axe",
            "minecraft:stone_pickaxe",
            "minecraft:stone_shovel",
            "minecraft:stone_hoe",
            "minecraft:golden_sword",
            "minecraft:golden_axe",
            "minecraft:golden_pickaxe",
            "minecraft:golden_shovel",
			      "minecraft:netherite_sword",
            "minecraft:netherite_axe",
            "minecraft:diamond_sword",
            "minecraft:diamond_axe",
            "minecraft:golden_hoe",
		      	"minecraft:stick"
          ],
          "head": [
            "minecraft:air"
          ],
          "feet": [
            "minecraft:leather_boots",
            "minecraft:chainmail_boots",
            "minecraft:iron_boots",
            "minecraft:diamond_boots",
            "minecraft:air"
          ],
          "chest": [
            "minecraft:leather_chestplate",
            "minecraft:chainmail_chestplate",
            "minecraft:diamond_chestplate",
            "minecraft:iron_chestplate",
			      "minecraft:air"
          ],
          "legs": [
            "minecraft:leather_leggings",
            "minecraft:chainmail_leggings",
            "minecraft:golden_leggings",
            "minecraft:air"
          ],
          "offhand": [
            "minecraft:air",
            "minecraft:stick"
          ]
        },
        "ATTRIBUTES": [
          {
            "NAME": "minecraft:generic.max_health",
            "DEFAULT_VALUE": 160.0
          }
        ],
        "ENCH_LEVEL": 1,
        "ENCH_TRIALS": 1,
        "MOB_SIZE": 4.0
      },
      "FIGHTER_CONFIG": {
        "LOOT": {
          "mainhand": [
            "minecraft:netherite_sword",
            "minecraft:netherite_axe",
            "minecraft:netherite_pickaxe"
          ],
          "head": [
            "minecraft:air"
          ],
          "feet": [
            "minecraft:netherite_boots"
          ],
          "chest": [
            "minecraft:netherite_chestplate"
          ],
          "legs": [
            "minecraft:netherite_leggings"
          ],
          "offhand": [
            "minecraft:air"
          ]
        },
        "ATTRIBUTES": [
          {
              "NAME": "minecraft:generic.max_health",
              "DEFAULT_VALUE": 80.0
          },
          {
            "NAME": "minecraft:generic.attack_speed",
            "DEFAULT_VALUE": 0.40
          }
		    ],
        "ENCH_LEVEL": 4,
        "ENCH_TRIALS": 2,
        "MOB_SIZE": 2.5
      }
    }
  ]
}