{
  "POOL": [
    {
      "value": {
        "id": "the_vault:helmet",
        "nbt": "{Vault:{Attributes:[{Id:\"the_vault:gear_roll_type\",BaseValue:\"Scrappy+\"}]}}",
        "amountMin": 1,
        "amountMax": 1
      },
      "weight": 1
    },
    {
      "value": {
        "id": "the_vault:chestplate",
        "nbt": "{Vault:{Attributes:[{Id:\"the_vault:gear_roll_type\",BaseValue:\"Scrappy+\"}]}}",
        "amountMin": 1,
        "amountMax": 1
      },
      "weight": 1
    },
    {
      "value": {
        "id": "the_vault:leggings",
        "nbt": "{Vault:{Attributes:[{Id:\"the_vault:gear_roll_type\",BaseValue:\"Scrappy+\"}]}}",
        "amountMin": 1,
        "amountMax": 1
      },
      "weight": 1
    },
    {
      "value": {
        "id": "the_vault:boots",
        "nbt": "{Vault:{Attributes:[{Id:\"the_vault:gear_roll_type\",BaseValue:\"Scrappy+\"}]}}",
        "amountMin": 1,
        "amountMax": 1
      },
      "weight": 1
    },
    {
      "value": {
        "id": "the_vault:sword",
        "nbt": "{Vault:{Attributes:[{Id:\"the_vault:gear_roll_type\",BaseValue:\"Scrappy+\"}]}}",
        "amountMin": 1,
        "amountMax": 1
      },
      "weight": 1
    },
    {
      "value": {
        "id": "the_vault:axe",
        "nbt": "{Vault:{Attributes:[{Id:\"the_vault:gear_roll_type\",BaseValue:\"Scrappy+\"}]}}",
        "amountMin": 1,
        "amountMax": 1
      },
      "weight": 1
    },
    {
      "value": {
        "id": "the_vault:gem_pog",
        "amountMin": 1,
        "amountMax": 1
      },
      "weight": 2
    },
    {
      "value": {
        "id": "the_vault:vault_crystal",
        "amountMin": 1,
        "amountMax": 1
      },
      "weight": 1
    }
  ]
}