{
  "MOD_RESEARCHES": [
    {
      "modIds": [
        "simplybackpacks"
      ],
      "restrictions": {
        "restricts": {
          "HITTABILITY": false,
          "BLOCK_INTERACTABILITY": false,
          "USABILITY": false,
          "CRAFTABILITY": true,
          "ENTITY_INTERACTABILITY": false
        }
      },
      "name": "Backpacks",
      "cost": 2,
      "usesKnowledge": true
    },
    {
      "modIds": [
        "waystones",
        "usefulrailroads"
      ],
      "restrictions": {
        "restricts": {
          "HITTABILITY": false,
          "BLOCK_INTERACTABILITY": true,
          "USABILITY": true,
          "CRAFTABILITY": true,
          "ENTITY_INTERACTABILITY": false
        }
      },
      "name": "Waystones",
      "cost": 1,
      "usesKnowledge": true
    },
    {
      "modIds": [
        "torchmaster"
      ],
      "restrictions": {
        "restricts": {
          "HITTABILITY": false,
          "BLOCK_INTERACTABILITY": false,
          "USABILITY": false,
          "CRAFTABILITY": true,
          "ENTITY_INTERACTABILITY": false
        }
      },
      "name": "Torch Master",
      "cost": 3,
      "usesKnowledge": true
    },
    {
      "modIds": [
        "trashcans"
      ],
      "restrictions": {
        "restricts": {
          "HITTABILITY": false,
          "BLOCK_INTERACTABILITY": true,
          "USABILITY": true,
          "CRAFTABILITY": true,
          "ENTITY_INTERACTABILITY": false
        }
      },
      "name": "Trashcans",
      "cost": 1,
      "usesKnowledge": true
    },
    {
      "modIds": [
        "dankstorage"
      ],
      "restrictions": {
        "restricts": {
          "HITTABILITY": false,
          "BLOCK_INTERACTABILITY": false,
          "USABILITY": false,
          "CRAFTABILITY": true,
          "ENTITY_INTERACTABILITY": false
        }
      },
      "name": "Danks",
      "cost": 5,
      "usesKnowledge": true
    },
    {
      "modIds": [
        "buildinggadgets"
      ],
      "restrictions": {
        "restricts": {
          "HITTABILITY": false,
          "BLOCK_INTERACTABILITY": true,
          "USABILITY": true,
          "CRAFTABILITY": true,
          "ENTITY_INTERACTABILITY": false
        }
      },
      "name": "Building Gadgets",
      "cost": 4,
      "usesKnowledge": true
    },
    {
      "modIds": [
        "mininggadgets"
      ],
      "restrictions": {
        "restricts": {
          "HITTABILITY": false,
          "BLOCK_INTERACTABILITY": true,
          "USABILITY": true,
          "CRAFTABILITY": true,
          "ENTITY_INTERACTABILITY": false
        }
      },
      "name": "Mining Gadgets",
      "cost": 6,
      "usesKnowledge": true
    },
    {
      "modIds": [
        "metalbarrels",
        "ironchest",
        "storage_overhaul"
      ],
      "restrictions": {
        "restricts": {
          "HITTABILITY": false,
          "BLOCK_INTERACTABILITY": false,
          "USABILITY": false,
          "CRAFTABILITY": true,
          "ENTITY_INTERACTABILITY": false
        }
      },
      "name": "More Chests",
      "cost": 1,
      "usesKnowledge": true
    },
    {
      "modIds": [
        "storagedrawers"
      ],
      "restrictions": {
        "restricts": {
          "HITTABILITY": false,
          "BLOCK_INTERACTABILITY": false,
          "USABILITY": false,
          "CRAFTABILITY": true,
          "ENTITY_INTERACTABILITY": false
        }
      },
      "name": "Drawers",
      "cost": 2,
      "usesKnowledge": true
    },
    {
      "modIds": [
        "refinedstorage"
      ],
      "restrictions": {
        "restricts": {
          "HITTABILITY": false,
          "BLOCK_INTERACTABILITY": true,
          "USABILITY": true,
          "CRAFTABILITY": true,
          "ENTITY_INTERACTABILITY": false
        }
      },
      "name": "Refined Storage",
      "cost": 4,
      "usesKnowledge": true
    },
    {
      "modIds": [
        "appliedenergistics2"
      ],
      "restrictions": {
        "restricts": {
          "HITTABILITY": false,
          "BLOCK_INTERACTABILITY": true,
          "USABILITY": true,
          "CRAFTABILITY": true,
          "ENTITY_INTERACTABILITY": false
        }
      },
      "name": "Applied Energistics",
      "cost": 4,
      "usesKnowledge": true
    },
    {
      "modIds": [
        "rftoolsstorage"
      ],
      "restrictions": {
        "restricts": {
          "HITTABILITY": false,
          "BLOCK_INTERACTABILITY": true,
          "USABILITY": true,
          "CRAFTABILITY": true,
          "ENTITY_INTERACTABILITY": false
        }
      },
      "name": "RFTools Storage",
      "cost": 2,
      "usesKnowledge": true
    },
    {
      "modIds": [
        "masonry",
        "decorative_blocks",
        "camera",
        "mcwbridges",
        "blockcarpentry",
        "mcwwindows",
        "mcwroofs",
        "mcwdoors",
        "enviromats",
        "platforms"
      ],
      "restrictions": {
        "restricts": {
          "HITTABILITY": false,
          "BLOCK_INTERACTABILITY": false,
          "USABILITY": false,
          "CRAFTABILITY": true,
          "ENTITY_INTERACTABILITY": false
        }
      },
      "name": "Decorator",
      "cost": 1,
      "usesKnowledge": true
    },
    {
      "modIds": [
        "cfm",
        "supplementaries"
      ],
      "restrictions": {
        "restricts": {
          "HITTABILITY": false,
          "BLOCK_INTERACTABILITY": false,
          "USABILITY": false,
          "CRAFTABILITY": true,
          "ENTITY_INTERACTABILITY": false
        }
      },
      "name": "Furniture",
      "cost": 1,
      "usesKnowledge": true
    },
    {
      "modIds": [
        "engineersdecor"
      ],
      "restrictions": {
        "restricts": {
          "HITTABILITY": false,
          "BLOCK_INTERACTABILITY": false,
          "USABILITY": false,
          "CRAFTABILITY": true,
          "ENTITY_INTERACTABILITY": false
        }
      },
      "name": "Engineers Decor",
      "cost": 1,
      "usesKnowledge": true
    },
    {
      "modIds": [
        "ironfurnaces"
      ],
      "restrictions": {
        "restricts": {
          "HITTABILITY": false,
          "BLOCK_INTERACTABILITY": false,
          "USABILITY": false,
          "CRAFTABILITY": true,
          "ENTITY_INTERACTABILITY": false
        }
      },
      "name": "Iron Furnaces",
      "cost": 1,
      "usesKnowledge": true
    },
    {
      "modIds": [
        "immersiveengineering"
      ],
      "restrictions": {
        "restricts": {
          "HITTABILITY": false,
          "BLOCK_INTERACTABILITY": false,
          "USABILITY": false,
          "CRAFTABILITY": true,
          "ENTITY_INTERACTABILITY": false
        }
      },
      "name": "Immersive Engineering",
      "cost": 6,
      "usesKnowledge": true
    },
    {
      "modIds": [
        "elevatorid",
        "movingelevators"
      ],
      "restrictions": {
        "restricts": {
          "HITTABILITY": false,
          "BLOCK_INTERACTABILITY": false,
          "USABILITY": false,
          "CRAFTABILITY": true,
          "ENTITY_INTERACTABILITY": false
        }
      },
      "name": "Elevators",
      "cost": 1,
      "usesKnowledge": true
    },
    {
      "modIds": [
        "cookingforblockheads"
      ],
      "restrictions": {
        "restricts": {
          "HITTABILITY": false,
          "BLOCK_INTERACTABILITY": false,
          "USABILITY": false,
          "CRAFTABILITY": true,
          "ENTITY_INTERACTABILITY": false
        }
      },
      "name": "Chef",
      "cost": 1,
      "usesKnowledge": true
    },
    {
      "modIds": [
        "dimstorage"
      ],
      "restrictions": {
        "restricts": {
          "HITTABILITY": false,
          "BLOCK_INTERACTABILITY": false,
          "USABILITY": false,
          "CRAFTABILITY": true,
          "ENTITY_INTERACTABILITY": false
        }
      },
      "name": "Dimensional Storage",
      "cost": 3,
      "usesKnowledge": true
    },
    {
      "modIds": [
        "xnet"
      ],
      "restrictions": {
        "restricts": {
          "HITTABILITY": false,
          "BLOCK_INTERACTABILITY": false,
          "USABILITY": false,
          "CRAFTABILITY": true,
          "ENTITY_INTERACTABILITY": false
        }
      },
      "name": "Xnet",
      "cost": 6,
      "usesKnowledge": true
    },
    {
      "modIds": [
        "modularrouters"
      ],
      "restrictions": {
        "restricts": {
          "HITTABILITY": false,
          "BLOCK_INTERACTABILITY": false,
          "USABILITY": false,
          "CRAFTABILITY": true,
          "ENTITY_INTERACTABILITY": false
        }
      },
      "name": "Modular Routers",
      "cost": 6,
      "usesKnowledge": true
    },
    {
      "modIds": [
        "rftoolsutility"
      ],
      "restrictions": {
        "restricts": {
          "HITTABILITY": false,
          "BLOCK_INTERACTABILITY": false,
          "USABILITY": false,
          "CRAFTABILITY": true,
          "ENTITY_INTERACTABILITY": false
        }
      },
      "name": "RFTools Utility",
      "cost": 1,
      "usesKnowledge": true
    },
    {
      "modIds": [
        "rftoolsbase"
      ],
      "restrictions": {
        "restricts": {
          "HITTABILITY": false,
          "BLOCK_INTERACTABILITY": false,
          "USABILITY": false,
          "CRAFTABILITY": true,
          "ENTITY_INTERACTABILITY": false
        }
      },
      "name": "RFTools Base",
      "cost": 1,
      "usesKnowledge": true
    },
    {
      "modIds": [
        "ispawner"
      ],
      "restrictions": {
        "restricts": {
          "HITTABILITY": false,
          "BLOCK_INTERACTABILITY": true,
          "USABILITY": true,
          "CRAFTABILITY": true,
          "ENTITY_INTERACTABILITY": false
        }
      },
      "name": "Mob Spawners",
      "cost": 4,
      "usesKnowledge": true
    },
    {
      "modIds": [
        "botania"
      ],
      "restrictions": {
        "restricts": {
          "HITTABILITY": false,
          "BLOCK_INTERACTABILITY": false,
          "USABILITY": false,
          "CRAFTABILITY": true,
          "ENTITY_INTERACTABILITY": false
        }
      },
      "name": "Botania",
      "cost": 12,
      "usesKnowledge": true
    },
    {
      "modIds": [
        "mekanism"
      ],
      "restrictions": {
        "restricts": {
          "HITTABILITY": false,
          "BLOCK_INTERACTABILITY": false,
          "USABILITY": false,
          "CRAFTABILITY": true,
          "ENTITY_INTERACTABILITY": false
        }
      },
      "name": "Mekanism",
      "cost": 12,
      "usesKnowledge": true
    },
    {
      "modIds": [
        "easy_villagers"
      ],
      "restrictions": {
        "restricts": {
          "HITTABILITY": false,
          "BLOCK_INTERACTABILITY": false,
          "USABILITY": false,
          "CRAFTABILITY": true,
          "ENTITY_INTERACTABILITY": false
        }
      },
      "name": "Easy Villagers",
      "cost": 3,
      "usesKnowledge": true
    },
    {
      "modIds": [
        "rftoolsbuilder"
      ],
      "restrictions": {
        "restricts": {
          "HITTABILITY": false,
          "BLOCK_INTERACTABILITY": false,
          "USABILITY": false,
          "CRAFTABILITY": true,
          "ENTITY_INTERACTABILITY": false
        }
      },
      "name": "Quarry",
      "cost": 14,
      "usesKnowledge": true
    },
    {
      "modIds": [
        "ironjetpacks"
      ],
      "restrictions": {
        "restricts": {
          "HITTABILITY": false,
          "BLOCK_INTERACTABILITY": false,
          "USABILITY": false,
          "CRAFTABILITY": true,
          "ENTITY_INTERACTABILITY": false
        }
      },
      "name": "Jetpacks",
      "cost": 4,
      "usesKnowledge": true
    },
    {
      "modIds": [
        "darkutils"
      ],
      "restrictions": {
        "restricts": {
          "HITTABILITY": false,
          "BLOCK_INTERACTABILITY": false,
          "USABILITY": false,
          "CRAFTABILITY": true,
          "ENTITY_INTERACTABILITY": false
        }
      },
      "name": "Dark Utilities",
      "cost": 6,
      "usesKnowledge": true
    },
    {
      "modIds": [
        "create"
      ],
      "restrictions": {
        "restricts": {
          "HITTABILITY": false,
          "BLOCK_INTERACTABILITY": false,
          "USABILITY": false,
          "CRAFTABILITY": true,
          "ENTITY_INTERACTABILITY": false
        }
      },
      "name": "Create",
      "cost": 6,
      "usesKnowledge": true
    },
    {
      "modIds": [
        "prettypipes"
      ],
      "restrictions": {
        "restricts": {
          "HITTABILITY": false,
          "BLOCK_INTERACTABILITY": false,
          "USABILITY": false,
          "CRAFTABILITY": true,
          "ENTITY_INTERACTABILITY": false
        }
      },
      "name": "Pretty Pipes",
      "cost": 1,
      "usesKnowledge": true
    },
    {
      "modIds": [
        "snad"
      ],
      "restrictions": {
        "restricts": {
          "HITTABILITY": false,
          "BLOCK_INTERACTABILITY": false,
          "USABILITY": false,
          "CRAFTABILITY": true,
          "ENTITY_INTERACTABILITY": false
        }
      },
      "name": "SNAD",
      "cost": 1,
      "usesKnowledge": true
    },
    {
      "modIds": [
        "fluxnetworks"
      ],
      "restrictions": {
        "restricts": {
          "HITTABILITY": true,
          "BLOCK_INTERACTABILITY": false,
          "USABILITY": false,
          "CRAFTABILITY": true,
          "ENTITY_INTERACTABILITY": true
        }
      },
      "name": "Flux Networks",
      "cost": 8,
      "usesKnowledge": true
    },
    {
      "modIds": [
        "simplylight"
      ],
      "restrictions": {
        "restricts": {
          "HITTABILITY": false,
          "BLOCK_INTERACTABILITY": false,
          "USABILITY": false,
          "CRAFTABILITY": true,
          "ENTITY_INTERACTABILITY": false
        }
      },
      "name": "More Lights",
      "cost": 1,
      "usesKnowledge": true
    },
    {
      "modIds": [
        "dummmmmmy"
      ],
      "restrictions": {
        "restricts": {
          "HITTABILITY": false,
          "BLOCK_INTERACTABILITY": false,
          "USABILITY": false,
          "CRAFTABILITY": true,
          "ENTITY_INTERACTABILITY": false
        }
      },
      "name": "Test Dummies",
      "cost": 1,
      "usesKnowledge": true
    },
    {
      "modIds": [
        "fairylights"
      ],
      "restrictions": {
        "restricts": {
          "HITTABILITY": false,
          "BLOCK_INTERACTABILITY": false,
          "USABILITY": false,
          "CRAFTABILITY": true,
          "ENTITY_INTERACTABILITY": false
        }
      },
      "name": "Fairy Lights",
      "cost": 1,
      "usesKnowledge": true
    },
    {
      "modIds": [
        "rftoolspower"
      ],
      "restrictions": {
        "restricts": {
          "HITTABILITY": false,
          "BLOCK_INTERACTABILITY": false,
          "USABILITY": false,
          "CRAFTABILITY": true,
          "ENTITY_INTERACTABILITY": false
        }
      },
      "name": "RFTools Power",
      "cost": 2,
      "usesKnowledge": true
    },
    {
      "modIds": [
        "thermal"
      ],
      "restrictions": {
        "restricts": {
          "HITTABILITY": false,
          "BLOCK_INTERACTABILITY": false,
          "USABILITY": false,
          "CRAFTABILITY": true,
          "ENTITY_INTERACTABILITY": false
        }
      },
      "name": "Thermal Expansion",
      "cost": 10,
      "usesKnowledge": true
    },
    {
      "modIds": [
        "industrialforegoing"
      ],
      "restrictions": {
        "restricts": {
          "HITTABILITY": false,
          "BLOCK_INTERACTABILITY": false,
          "USABILITY": false,
          "CRAFTABILITY": true,
          "ENTITY_INTERACTABILITY": false
        }
      },
      "name": "Industrial Foregoing",
      "cost": 20,
      "usesKnowledge": true
    },
    {
      "modIds": [
        "powah"
      ],
      "restrictions": {
        "restricts": {
          "HITTABILITY": false,
          "BLOCK_INTERACTABILITY": false,
          "USABILITY": false,
          "CRAFTABILITY": true,
          "ENTITY_INTERACTABILITY": false
        }
      },
      "name": "Powah",
      "cost": 6,
      "usesKnowledge": true
    },
    {
      "modIds": [
        "mekanismgenerators"
      ],
      "restrictions": {
        "restricts": {
          "HITTABILITY": false,
          "BLOCK_INTERACTABILITY": false,
          "USABILITY": false,
          "CRAFTABILITY": true,
          "ENTITY_INTERACTABILITY": false
        }
      },
      "name": "Mekanism Generators",
      "cost": 8,
      "usesKnowledge": true
    }
  ],
  "CUSTOM_RESEARCHES": [
    {
      "itemRestrictions": {
        "appliedenergistics2:molecular_assembler": {
          "restricts": {
            "HITTABILITY": true,
            "USABILITY": true,
            "CRAFTABILITY": true
          }
        },
        "mekanism:formulaic_assemblicator": {
          "restricts": {
            "HITTABILITY": true,
            "USABILITY": true,
            "CRAFTABILITY": true
          }
        },
        "refinedstorage:crafter": {
          "restricts": {
            "HITTABILITY": true,
            "USABILITY": true,
            "CRAFTABILITY": true
          }
        },
        "rftoolsutility:crafter1": {
          "restricts": {
            "HITTABILITY": true,
            "USABILITY": true,
            "CRAFTABILITY": true
          }
        },
        "thermal:machine_crafter": {
          "restricts": {
            "HITTABILITY": true,
            "USABILITY": true,
            "CRAFTABILITY": true
          }
        },
        "create:mechanical_crafter": {
          "restricts": {
            "HITTABILITY": true,
            "USABILITY": true,
            "CRAFTABILITY": true
          }
        },
        "botania:crafting_halo": {
          "restricts": {
            "HITTABILITY": true,
            "USABILITY": true,
            "CRAFTABILITY": true
          }
        },
        "botania:auto_crafting_halo": {
          "restricts": {
            "HITTABILITY": true,
            "USABILITY": true,
            "CRAFTABILITY": true
          }
        },
        "botania:crafty_crate": {
          "restricts": {
            "HITTABILITY": true,
            "USABILITY": true,
            "CRAFTABILITY": true
          }
        }
      },
      "blockRestrictions": {},
      "entityRestrictions": {},
      "name": "Automatic Genius",
      "cost": 100,
      "usesKnowledge": true
    },
    {
      "itemRestrictions": {
        "mekanism:portable_qio_dashboard": {
          "restricts": {
            "HITTABILITY": true,
            "USABILITY": true,
            "CRAFTABILITY": true
          }
        },
        "mekanism:qio_drive_base": {
          "restricts": {
            "HITTABILITY": true,
            "USABILITY": true,
            "CRAFTABILITY": true
          }
        },
        "mekanism:qio_drive_hyper_dense": {
          "restricts": {
            "HITTABILITY": true,
            "USABILITY": true,
            "CRAFTABILITY": true
          }
        },
        "mekanism:qio_drive_time_dilating": {
          "restricts": {
            "HITTABILITY": true,
            "USABILITY": true,
            "CRAFTABILITY": true
          }
        },
        "mekanism:qio_drive_supermassive": {
          "restricts": {
            "HITTABILITY": true,
            "USABILITY": true,
            "CRAFTABILITY": true
          }
        },
        "mekanism:qio_drive_array": {
          "restricts": {
            "HITTABILITY": true,
            "USABILITY": true,
            "CRAFTABILITY": true
          }
        },
        "mekanism:qio_dashboard": {
          "restricts": {
            "HITTABILITY": true,
            "USABILITY": true,
            "CRAFTABILITY": true
          }
        },
        "mekanism:qio_importer": {
          "restricts": {
            "HITTABILITY": true,
            "USABILITY": true,
            "CRAFTABILITY": true
          }
        },
        "mekanism:qio_exporter": {
          "restricts": {
            "HITTABILITY": true,
            "USABILITY": true,
            "CRAFTABILITY": true
          }
        },
        "mekanism:qio_redstone_adapter": {
          "restricts": {
            "HITTABILITY": true,
            "USABILITY": true,
            "CRAFTABILITY": true
          }
        }
      },
      "blockRestrictions": {},
      "entityRestrictions": {},
      "name": "Mekanism QIO",
      "cost": 10,
      "usesKnowledge": true
    },
    {
      "itemRestrictions": {
        "create:extendo_grip": {
          "restricts": {
            "HITTABILITY": true,
            "USABILITY": true,
            "CRAFTABILITY": true
          }
        }
      },
      "blockRestrictions": {},
      "entityRestrictions": {},
      "name": "Extendo Arm",
      "cost": 2,
      "usesKnowledge": true
    },
    {
      "itemRestrictions": {
        "industrialforegoing:ore_laser_base": {
          "restricts": {
            "HITTABILITY": true,
            "USABILITY": true,
            "CRAFTABILITY": true
          }
        },
        "industrialforegoing:laser_drill": {
          "restricts": {
            "HITTABILITY": true,
            "USABILITY": true,
            "CRAFTABILITY": true
          }
        },
        "industrialforegoing:fluid_laser_base": {
          "restricts": {
            "HITTABILITY": true,
            "USABILITY": true,
            "CRAFTABILITY": true
          }
        }
      },
      "blockRestrictions": {},
      "entityRestrictions": {},
      "name": "Laser Mining",
      "cost": 12,
      "usesKnowledge": true
    },
    {
      "itemRestrictions": {
        "mekanism:digital_miner": {
          "restricts": {
            "HITTABILITY": true,
            "USABILITY": true,
            "CRAFTABILITY": true
          }
        }
      },
      "blockRestrictions": {},
      "entityRestrictions": {},
      "name": "Digital Miner",
      "cost": 8,
      "usesKnowledge": true
    },
    {
      "itemRestrictions": {
        "immersiveengineering:cloche": {
          "restricts": {
            "HITTABILITY": true,
            "USABILITY": true,
            "CRAFTABILITY": true
          }
        }
      },
      "blockRestrictions": {},
      "entityRestrictions": {},
      "name": "Garden Cloche",
      "cost": 4,
      "usesKnowledge": true
    },
    {
      "itemRestrictions": {
        "thermal:machine_insolator": {
          "restricts": {
            "HITTABILITY": true,
            "USABILITY": true,
            "CRAFTABILITY": true
          }
        }
      },
      "blockRestrictions": {},
      "entityRestrictions": {},
      "name": "Phytogenic Insulator",
      "cost": 4,
      "usesKnowledge": true
    },
    {
      "itemRestrictions": {
        "the_vault:sword": {
          "restricts": {
            "HITTABILITY": true,
            "USABILITY": false,
            "CRAFTABILITY": true
          }
        },
        "the_vault:axe": {
          "restricts": {
            "HITTABILITY": true,
            "USABILITY": false,
            "CRAFTABILITY": true
          }
        },
        "the_vault:dagger": {
          "restricts": {
            "HITTABILITY": true,
            "USABILITY": false,
            "CRAFTABILITY": true
          }
        },
        "the_vault:helmet": {
          "restricts": {
            "HITTABILITY": true,
            "USABILITY": false,
            "CRAFTABILITY": true
          }
        },
        "the_vault:boots": {
          "restricts": {
            "HITTABILITY": true,
            "USABILITY": false,
            "CRAFTABILITY": true
          }
        },
        "the_vault:leggings": {
          "restricts": {
            "HITTABILITY": true,
            "USABILITY": false,
            "CRAFTABILITY": true
          }
        },
        "the_vault:chestplate": {
          "restricts": {
            "HITTABILITY": true,
            "USABILITY": false,
            "CRAFTABILITY": true
          }
        },
        "the_vault:vault_magnet_omega": {
          "restricts": {
            "HITTABILITY": false,
            "USABILITY": false,
            "CRAFTABILITY": true
          }
        },
        "the_vault:paxel_charm": {
          "restricts": {
            "HITTABILITY": false,
            "USABILITY": false,
            "CRAFTABILITY": true
          }
        },
        "the_vault:repair_core": {
          "restricts": {
            "HITTABILITY": false,
            "USABILITY": false,
            "CRAFTABILITY": true
          }
        },
        "the_vault:vault_ingot": {
          "restricts": {
            "HITTABILITY": false,
            "USABILITY": false,
            "CRAFTABILITY": true
          }
        },
        "the_vault:etching": {
          "restricts": {
            "HITTABILITY": false,
            "USABILITY": false,
            "CRAFTABILITY": true
          }
        },
        "the_vault:fabrication_jewel": {
          "restricts": {
            "HITTABILITY": false,
            "USABILITY": false,
            "CRAFTABILITY": true
          }
        }
      },
      "blockRestrictions": {},
      "entityRestrictions": {},
      "name": "Vault Blacksmith",
      "cost": 2,
      "usesKnowledge": true
    },
    {
      "itemRestrictions": {
        "the_vault:drill_arrow": {
          "restricts": {
            "HITTABILITY": true,
            "USABILITY": false,
            "CRAFTABILITY": true
          }
        },
        "archers_paradox:diamond_arrow": {
          "restricts": {
            "HITTABILITY": true,
            "USABILITY": false,
            "CRAFTABILITY": true
          }
        },
        "archers_paradox:quartz_arrow": {
          "restricts": {
            "HITTABILITY": true,
            "USABILITY": false,
            "CRAFTABILITY": true
          }
        }
      },
      "blockRestrictions": {},
      "entityRestrictions": {},
      "name": "Powerful Arrows",
      "cost": 1,
      "usesKnowledge": true
    },
    {
      "itemRestrictions": {
        "the_vault:vault_charm_controller": {
          "restricts": {
            "HITTABILITY": true,
            "USABILITY": true,
            "CRAFTABILITY": true
          }
        },
        "the_vault:vault_charm": {
          "restricts": {
            "HITTABILITY": true,
            "USABILITY": true,
            "CRAFTABILITY": true
          }
        },
        "the_vault:vault_charm_upgrade_tier_1": {
          "restricts": {
            "HITTABILITY": true,
            "USABILITY": true,
            "CRAFTABILITY": true
          }
        },
        "the_vault:vault_charm_upgrade_tier_2": {
          "restricts": {
            "HITTABILITY": true,
            "USABILITY": true,
            "CRAFTABILITY": true
          }
        },
        "the_vault:vault_charm_upgrade_tier_3": {
          "restricts": {
            "HITTABILITY": true,
            "USABILITY": true,
            "CRAFTABILITY": true
          }
        }
      },
      "blockRestrictions": {},
      "entityRestrictions": {},
      "name": "Vault Looter",
      "cost": 6,
      "usesKnowledge": true
    },
    {
      "itemRestrictions": {
        "the_vault:jade_apple": {
          "restricts": {
            "HITTABILITY": true,
            "USABILITY": false,
            "CRAFTABILITY": true
          }
        },
        "the_vault:cobalt_apple": {
          "restricts": {
            "HITTABILITY": true,
            "USABILITY": false,
            "CRAFTABILITY": true
          }
        },
        "the_vault:pixie_apple": {
          "restricts": {
            "HITTABILITY": true,
            "USABILITY": false,
            "CRAFTABILITY": true
          }
        },
        "the_vault:bitter_lemon": {
          "restricts": {
            "HITTABILITY": true,
            "USABILITY": true,
            "CRAFTABILITY": true
          }
        },
        "the_vault:sour_orange": {
          "restricts": {
            "HITTABILITY": true,
            "USABILITY": true,
            "CRAFTABILITY": true
          }
        },
        "the_vault:sweet_kiwi": {
          "restricts": {
            "HITTABILITY": true,
            "USABILITY": true,
            "CRAFTABILITY": true
          }
        },
        "the_vault:mystic_pear": {
          "restricts": {
            "HITTABILITY": true,
            "USABILITY": true,
            "CRAFTABILITY": true
          }
        },
        "the_vault:vault_stew_mystery": {
          "restricts": {
            "HITTABILITY": true,
            "USABILITY": false,
            "CRAFTABILITY": true
          }
        },
        "the_vault:lucky_apple": {
          "restricts": {
            "HITTABILITY": true,
            "USABILITY": false,
            "CRAFTABILITY": true
          }
        },
        "the_vault:treasure_apple": {
          "restricts": {
            "HITTABILITY": true,
            "USABILITY": false,
            "CRAFTABILITY": true
          }
        },
        "the_vault:power_apple": {
          "restricts": {
            "HITTABILITY": true,
            "USABILITY": false,
            "CRAFTABILITY": true
          }
        },
        "the_vault:ghost_apple": {
          "restricts": {
            "HITTABILITY": true,
            "USABILITY": false,
            "CRAFTABILITY": true
          }
        },
        "the_vault:golem_apple": {
          "restricts": {
            "HITTABILITY": true,
            "USABILITY": false,
            "CRAFTABILITY": true
          }
        },
        "the_vault:sweet_apple": {
          "restricts": {
            "HITTABILITY": true,
            "USABILITY": false,
            "CRAFTABILITY": true
          }
        },
        "the_vault:hearty_apple": {
          "restricts": {
            "HITTABILITY": true,
            "USABILITY": false,
            "CRAFTABILITY": true
          }
        }
      },
      "blockRestrictions": {},
      "entityRestrictions": {},
      "name": "Vault Powerups",
      "cost": 2,
      "usesKnowledge": true
    }
  ]
}