{
  "MOD_RESEARCHES": [
    {
      "modIds": [
        "simplybackpacks"
      ],
      "restrictions": {
        "restricts": {
          "BLOCK_INTERACTABILITY": false,
          "USABILITY": false,
          "CRAFTABILITY": true,
          "ENTITY_INTERACTABILITY": false,
          "HITTABILITY": false
        }
      },
      "name": "Backpacks!",
      "cost": 2
    },
    {
      "modIds": [
        "waystones"
      ],
      "restrictions": {
        "restricts": {
          "BLOCK_INTERACTABILITY": true,
          "USABILITY": true,
          "CRAFTABILITY": true,
          "ENTITY_INTERACTABILITY": false,
          "HITTABILITY": false
        }
      },
      "name": "Waystones",
      "cost": 1
    },
    {
      "modIds": [
        "torchmaster"
      ],
      "restrictions": {
        "restricts": {
          "BLOCK_INTERACTABILITY": false,
          "USABILITY": false,
          "CRAFTABILITY": true,
          "ENTITY_INTERACTABILITY": false,
          "HITTABILITY": false
        }
      },
      "name": "Safety First",
      "cost": 1
    },
    {
      "modIds": [
        "trashcans",
        "pickletweaks",
        "dankstorage"
      ],
      "restrictions": {
        "restricts": {
          "BLOCK_INTERACTABILITY": false,
          "USABILITY": false,
          "CRAFTABILITY": true,
          "ENTITY_INTERACTABILITY": false,
          "HITTABILITY": false
        }
      },
      "name": "Organisation",
      "cost": 2
    },
    {
      "modIds": [
        "buildinggadgets"
      ],
      "restrictions": {
        "restricts": {
          "BLOCK_INTERACTABILITY": false,
          "USABILITY": false,
          "CRAFTABILITY": true,
          "ENTITY_INTERACTABILITY": false,
          "HITTABILITY": false
        }
      },
      "name": "Super Builder",
      "cost": 4
    },
    {
      "modIds": [
        "mininggadgets"
      ],
      "restrictions": {
        "restricts": {
          "BLOCK_INTERACTABILITY": false,
          "USABILITY": false,
          "CRAFTABILITY": true,
          "ENTITY_INTERACTABILITY": false,
          "HITTABILITY": false
        }
      },
      "name": "Super Miner",
      "cost": 6
    },
    {
      "modIds": [
        "metalbarrels",
        "ironchest"
      ],
      "restrictions": {
        "restricts": {
          "BLOCK_INTERACTABILITY": false,
          "USABILITY": false,
          "CRAFTABILITY": true,
          "ENTITY_INTERACTABILITY": false,
          "HITTABILITY": false
        }
      },
      "name": "Storage Noob",
      "cost": 1
    },
    {
      "modIds": [
        "modularrouters",
        "storage_overhaul",
        "storagedrawers"
      ],
      "restrictions": {
        "restricts": {
          "BLOCK_INTERACTABILITY": false,
          "USABILITY": false,
          "CRAFTABILITY": true,
          "ENTITY_INTERACTABILITY": false,
          "HITTABILITY": false
        }
      },
      "name": "Storage Master",
      "cost": 2
    },
    {
      "modIds": [
        "refinedstorage"
      ],
      "restrictions": {
        "restricts": {
          "BLOCK_INTERACTABILITY": false,
          "USABILITY": false,
          "CRAFTABILITY": true,
          "ENTITY_INTERACTABILITY": false,
          "HITTABILITY": false
        }
      },
      "name": "Storage Refined",
      "cost": 6
    },
    {
      "modIds": [
        "appliedenergistics"
      ],
      "restrictions": {
        "restricts": {
          "BLOCK_INTERACTABILITY": false,
          "USABILITY": false,
          "CRAFTABILITY": true,
          "ENTITY_INTERACTABILITY": false,
          "HITTABILITY": false
        }
      },
      "name": "Storage Energistic",
      "cost": 6
    },
    {
      "modIds": [
        "rftoolsstorage"
      ],
      "restrictions": {
        "restricts": {
          "BLOCK_INTERACTABILITY": false,
          "USABILITY": false,
          "CRAFTABILITY": true,
          "ENTITY_INTERACTABILITY": false,
          "HITTABILITY": false
        }
      },
      "name": "Storage Enthusiast",
      "cost": 4
    },
    {
      "modIds": [
        "masonry",
        "decorative_blocks",
        "camera"
      ],
      "restrictions": {
        "restricts": {
          "BLOCK_INTERACTABILITY": false,
          "USABILITY": false,
          "CRAFTABILITY": true,
          "ENTITY_INTERACTABILITY": false,
          "HITTABILITY": false
        }
      },
      "name": "Decorator",
      "cost": 1
    },
    {
      "modIds": [
        "mcwbridges",
        "blockcarpentry",
        "mcwwindows",
        "mcwroofs",
        "mcwdoors",
        "enviromats",
        "platforms",
		"cfm"
      ],
      "restrictions": {
        "restricts": {
          "BLOCK_INTERACTABILITY": false,
          "USABILITY": false,
          "CRAFTABILITY": true,
          "ENTITY_INTERACTABILITY": false,
          "HITTABILITY": false
        }
      },
      "name": "Decorator Pro",
      "cost": 2
    },
    {
      "modIds": [
        "ironfurnaces",
        "engineersdecor"
      ],
      "restrictions": {
        "restricts": {
          "BLOCK_INTERACTABILITY": false,
          "USABILITY": false,
          "CRAFTABILITY": true,
          "ENTITY_INTERACTABILITY": false,
          "HITTABILITY": false
        }
      },
      "name": "Engineer",
      "cost": 1
    },
    {
      "modIds": [
        "movingelevators",
        "immersiveengineering"
      ],
      "restrictions": {
        "restricts": {
          "BLOCK_INTERACTABILITY": false,
          "USABILITY": false,
          "CRAFTABILITY": true,
          "ENTITY_INTERACTABILITY": false,
          "HITTABILITY": false
        }
      },
      "name": "Super Engineer",
      "cost": 6
    },
    {
      "modIds": [
        "elevatorid",
        "endermail"
      ],
      "restrictions": {
        "restricts": {
          "BLOCK_INTERACTABILITY": false,
          "USABILITY": false,
          "CRAFTABILITY": true,
          "ENTITY_INTERACTABILITY": false,
          "HITTABILITY": false
        }
      },
      "name": "One with Ender",
      "cost": 1
    },
    {
      "modIds": [
        "cookingforblockheads"
      ],
      "restrictions": {
        "restricts": {
          "BLOCK_INTERACTABILITY": false,
          "USABILITY": false,
          "CRAFTABILITY": true,
          "ENTITY_INTERACTABILITY": false,
          "HITTABILITY": false
        }
      },
      "name": "The Chef",
      "cost": 1
    },
    {
      "modIds": [
        "comforts", "rftoolsbase"
      ],
      "restrictions": {
        "restricts": {
          "BLOCK_INTERACTABILITY": false,
          "USABILITY": false,
          "CRAFTABILITY": true,
          "ENTITY_INTERACTABILITY": false,
          "HITTABILITY": false
        }
      },
      "name": "World Developer",
      "cost": 8
    },
    {
      "modIds": [
        "dimstorage"
      ],
      "restrictions": {
        "restricts": {
          "BLOCK_INTERACTABILITY": false,
          "USABILITY": false,
          "CRAFTABILITY": true,
          "ENTITY_INTERACTABILITY": false,
          "HITTABILITY": false
        }
      },
      "name": "Adventurer",
      "cost": 2
    },
    {
      "modIds": [
        "xnet"
      ],
      "restrictions": {
        "restricts": {
          "BLOCK_INTERACTABILITY": false,
          "USABILITY": false,
          "CRAFTABILITY": true,
          "ENTITY_INTERACTABILITY": false,
          "HITTABILITY": false
        }
      },
      "name": "Hacker",
      "cost": 8
    },
    {
      "modIds": [
        "rftoolsutility",
        "rsgauges"
      ],
      "restrictions": {
        "restricts": {
          "BLOCK_INTERACTABILITY": false,
          "USABILITY": false,
          "CRAFTABILITY": true,
          "ENTITY_INTERACTABILITY": false,
          "HITTABILITY": false
        }
      },
      "name": "Redstoner",
      "cost": 1
    },
    {
      "modIds": [
        "botania"
      ],
      "restrictions": {
        "restricts": {
          "BLOCK_INTERACTABILITY": false,
          "USABILITY": false,
          "CRAFTABILITY": true,
          "ENTITY_INTERACTABILITY": false,
          "HITTABILITY": false
        }
      },
      "name": "Natural Magical",
      "cost": 15
    },
    {
      "modIds": [
        "mekanism"
      ],
      "restrictions": {
        "restricts": {
          "BLOCK_INTERACTABILITY": false,
          "USABILITY": false,
          "CRAFTABILITY": true,
          "ENTITY_INTERACTABILITY": false,
          "HITTABILITY": false
        }
      },
      "name": "Tech Freak",
      "cost": 10
    },
    {
      "modIds": [
        "easy_villagers"
      ],
      "restrictions": {
        "restricts": {
          "BLOCK_INTERACTABILITY": false,
          "USABILITY": false,
          "CRAFTABILITY": true,
          "ENTITY_INTERACTABILITY": false,
          "HITTABILITY": false
        }
      },
      "name": "The Emerald King",
      "cost": 3
    },
    {
      "modIds": [
        "rftoolsbuilder"
      ],
      "restrictions": {
        "restricts": {
          "BLOCK_INTERACTABILITY": false,
          "USABILITY": false,
          "CRAFTABILITY": true,
          "ENTITY_INTERACTABILITY": false,
          "HITTABILITY": false
        }
      },
      "name": "Quarry",
      "cost": 6
    },
    {
      "modIds": [
        "ironjetpacks"
      ],
      "restrictions": {
        "restricts": {
          "BLOCK_INTERACTABILITY": false,
          "USABILITY": false,
          "CRAFTABILITY": true,
          "ENTITY_INTERACTABILITY": false,
          "HITTABILITY": false
        }
      },
      "name": "Spaceman",
      "cost": 6
    },
    {
      "modIds": [
        "darkutils"
      ],
      "restrictions": {
        "restricts": {
          "BLOCK_INTERACTABILITY": false,
          "USABILITY": false,
          "CRAFTABILITY": true,
          "ENTITY_INTERACTABILITY": false,
          "HITTABILITY": false
        }
      },
      "name": "Total Control",
      "cost": 5
    },
    {
      "modIds": [
        "create"
      ],
      "restrictions": {
        "restricts": {
          "BLOCK_INTERACTABILITY": false,
          "USABILITY": false,
          "CRAFTABILITY": true,
          "ENTITY_INTERACTABILITY": false,
          "HITTABILITY": false
        }
      },
      "name": "Creator",
      "cost": 2
    },
    {
      "modIds": [
        "prettypipes"
      ],
      "restrictions": {
        "restricts": {
          "BLOCK_INTERACTABILITY": false,
          "USABILITY": false,
          "CRAFTABILITY": true,
          "ENTITY_INTERACTABILITY": false,
          "HITTABILITY": false
        }
      },
      "name": "Piper",
      "cost": 1
    },
    {
      "modIds": [
        "snad"
      ],
      "restrictions": {
        "restricts": {
          "BLOCK_INTERACTABILITY": false,
          "USABILITY": false,
          "CRAFTABILITY": true,
          "ENTITY_INTERACTABILITY": false,
          "HITTABILITY": false
        }
      },
      "name": "Uber Sand",
      "cost": 1
    },
    {
      "modIds": [
        "fluxnetworks"
      ],
      "restrictions": {
        "restricts": {
          "BLOCK_INTERACTABILITY": true,
          "USABILITY": true,
          "CRAFTABILITY": true,
          "ENTITY_INTERACTABILITY": true,
          "HITTABILITY": true
        }
      },
      "name": "Power Manager",
      "cost": 4
    },
    {
      "modIds": [
        "neoncraft", "simplylight"
      ],
      "restrictions": {
        "restricts": {
          "BLOCK_INTERACTABILITY": false,
          "USABILITY": false,
          "CRAFTABILITY": true,
          "ENTITY_INTERACTABILITY": false,
          "HITTABILITY": false
        }
      },
      "name": "Let there be light!",
      "cost": 1
    },
    {
      "modIds": [
        "rftoolspower"
      ],
      "restrictions": {
        "restricts": {
          "BLOCK_INTERACTABILITY": false,
          "USABILITY": false,
          "CRAFTABILITY": true,
          "ENTITY_INTERACTABILITY": false,
          "HITTABILITY": false
        }
      },
      "name": "Energetic",
      "cost": 2
    },
    {
      "modIds": [
        "thermal"
      ],
      "restrictions": {
        "restricts": {
          "BLOCK_INTERACTABILITY": false,
          "USABILITY": false,
          "CRAFTABILITY": true,
          "ENTITY_INTERACTABILITY": false,
          "HITTABILITY": false
        }
      },
      "name": "Thermal Technician",
      "cost": 7
    },
    {
      "modIds": [
        "industrialforegoing"
      ],
      "restrictions": {
        "restricts": {
          "BLOCK_INTERACTABILITY": false,
          "USABILITY": false,
          "CRAFTABILITY": true,
          "ENTITY_INTERACTABILITY": false,
          "HITTABILITY": false
        }
      },
      "name": "Plastic Technician",
      "cost": 8
    },
    {
      "modIds": [
        "spawnermod"
      ],
      "restrictions": {
        "restricts": {
          "BLOCK_INTERACTABILITY": true,
          "USABILITY": true,
          "CRAFTABILITY": true,
          "ENTITY_INTERACTABILITY": false,
          "HITTABILITY": false
        }
      },
      "name": "Extended Possibilities",
      "cost": 3
    },
    {
      "modIds": [
        "powah"
      ],
      "restrictions": {
        "restricts": {
          "BLOCK_INTERACTABILITY": false,
          "USABILITY": false,
          "CRAFTABILITY": true,
          "ENTITY_INTERACTABILITY": false,
          "HITTABILITY": false
        }
      },
      "name": "Power Overwhelming",
      "cost": 5
    },
    {
      "modIds": [
        "mekanismgenerators"
      ],
      "restrictions": {
        "restricts": {
          "BLOCK_INTERACTABILITY": false,
          "USABILITY": false,
          "CRAFTABILITY": true,
          "ENTITY_INTERACTABILITY": false,
          "HITTABILITY": false
        }
      },
      "name": "Nuclear Power",
      "cost": 6
    }
  ],
  "CUSTOM_RESEARCHES": [
    {
      "itemRestrictions": {
        "appliedenergistics2:molecular_assembler": {
          "restricts": {
            "USABILITY": true,
            "HITTABILITY": true,
            "CRAFTABILITY": true
          }
        },
        "mekanism:formulaic_assemblicator": {
          "restricts": {
            "USABILITY": true,
            "HITTABILITY": true,
            "CRAFTABILITY": true
          }
        },
        "refinedstorage:crafter": {
          "restricts": {
            "USABILITY": true,
            "HITTABILITY": true,
            "CRAFTABILITY": true
          }
        },
		"create:mechanical_crafter": {
          "restricts": {
            "USABILITY": true,
            "HITTABILITY": true,
            "CRAFTABILITY": true
          }
        },
		"botania:crafty_crate": {
          "restricts": {
            "USABILITY": true,
            "HITTABILITY": true,
            "CRAFTABILITY": true
          }
        },
        "rftoolsutility:crafter1": {
          "restricts": {
            "USABILITY": true,
            "HITTABILITY": true,
            "CRAFTABILITY": true
          }
        }
      },
      "blockRestrictions": {},
      "entityRestrictions": {},
      "name": "Automatic Genius",
      "cost": 100
    }
  ]
}