{
  "DRAGON": {
    "name": "Dragon",
    "levels": [
      {
        "damageMultiplier": 0.5,
        "set": "DRAGON"
      }
    ]
  },
  "ZOD": {
    "name": "Zod",
    "levels": [
      {
        "set": "ZOD"
      }
    ]
  },
  "NINJA": {
    "name": "Ninja",
    "levels": [
      {
        "bonusParry": 0.3,
        "bonusParryCap": 0.1,
        "set": "NINJA"
      }
    ]
  },
  "GOLEM": {
    "name": "Golem",
    "levels": [
      {
        "bonusResistance": 0.0,
        "bonusResistanceCap": 20.0,
        "set": "GOLEM"
      }
    ]
  },
  "RIFT": {
    "name": "Rift",
    "levels": [
      {
        "set": "RIFT"
      }
    ]
  },
  "CARAPACE": {
    "name": "Carapace",
    "levels": [
      {
        "absorptionPercent": 0.5,
        "set": "CARAPACE"
      }
    ]
  },
  "DIVINITY": {
    "name": "Divinity",
    "levels": [
      {
        "set": "DIVINITY"
      }
    ]
  },
  "DRYAD": {
    "name": "Dryad",
    "levels": [
      {
        "extraHealth": 20.0,
        "set": "DRYAD"
      }
    ]
  },
  "BLOOD": {
    "name": "Blood",
    "levels": [
      {
        "damageMultiplier": 2.0,
        "set": "BLOOD"
      }
    ]
  },
  "VAMPIRE": {
    "name": "Vampire",
    "levels": [
      {
        "leechRatio": 0.05,
        "set": "VAMPIRE"
      }
    ]
  },
  "TREASURE": {
    "name": "Treasure",
    "levels": [
      {
        "increasedChestRarity": 2.0,
        "set": "TREASURE"
      }
    ]
  },
  "PHOENIX": {
    "name": "Phoenix",
    "levels": [
      {
        "set": "PHOENIX"
      }
    ]
  },
  "ASSASSIN": {
    "name": "Assassin",
    "levels": [
      {
        "increasedFatalStrikeChance": 0.4,
        "set": "ASSASSIN"
      }
    ]
  },
  "DREAM": {
    "name": "Dream",
    "levels": [
      {
        "increasedDamage": 0.5,
        "increasedResistance": 0.1,
        "increasedParry": 0.1,
        "increasedChestRarity": 0.25,
        "child": {
          "effect": "minecraft:haste",
          "amplifier": 2,
          "type": "hidden",
          "operator": "add",
          "cost": -1,
          "levelRequirement": 0
        },
        "set": "DREAM"
      }
    ]
  },
  "PORCUPINE": {
    "name": "Porcupine",
    "levels": [
      {
        "additionalThornsChance": 0.4,
        "additionalThornsDamage": 1.0,
        "set": "PORCUPINE"
      }
    ]
  }
}