{
  "SKILL_GATES": {
    "entries": {
      "Storage Energistic": {
        "dependsOn": [
          "Storage Master"
        ],
        "lockedBy": []
      },
      "Regeneration": {
        "dependsOn": [],
        "lockedBy": [
          "Vampirism"
        ]
      },
      "Decorator Pro": {
        "dependsOn": [
          "Decorator"
        ],
        "lockedBy": []
      },
      "Nuclear Power": {
        "dependsOn": [
          "Tech Freak"
        ],
        "lockedBy": []
      },
      "Storage Master": {
        "dependsOn": [
          "Storage Noob"
        ],
        "lockedBy": []
      },
      "Storage Refined": {
        "dependsOn": [
          "Storage Master"
        ],
        "lockedBy": []
      },
      "Vampirism": {
        "dependsOn": [],
        "lockedBy": [
          "Regeneration"
        ]
      },
      "Storage Enthusiast": {
        "dependsOn": [
          "Storage Energistic"
        ],
        "lockedBy": []
      },
      "Carapace": {
        "dependsOn": [
          "Resistance"
        ],
        "lockedBy": ["Ninja"]
      },
      "Ninja": {
        "dependsOn": [
          "Parry"
        ],
        "lockedBy": ["Carapace"]
      },
      "Chunky": {
        "dependsOn": [
          "Well Fit"
        ],
        "lockedBy": []
      }
    }
  }
}