{
  "MULTIPLIERS": {
    "iskall85": {
      "weightPerGiftedSubT1": 5,
      "weightPerGiftedSubT2": 10,
      "weightPerGiftedSubT3": 25,
      "weightPerDonationUnit": 1,
      "weightPerHundredBits": 1,
      "subsNeededForArena": 100,
      "subsMultiplier": 1
    },
    "AntonioAsh": {
      "weightPerGiftedSubT1": 5,
      "weightPerGiftedSubT2": 10,
      "weightPerGiftedSubT3": 25,
      "weightPerDonationUnit": 1,
      "weightPerHundredBits": 1,
      "subsNeededForArena": 25,
      "subsMultiplier": 4
    },
    "Stressmonster101": {
      "weightPerGiftedSubT1": 5,
      "weightPerGiftedSubT2": 10,
      "weightPerGiftedSubT3": 25,
      "weightPerDonationUnit": 1,
      "weightPerHundredBits": 1,
      "subsNeededForArena": 50,
      "subsMultiplier": 2
    },
    "FalseSymmetry": {
      "weightPerGiftedSubT1": 5,
      "weightPerGiftedSubT2": 10,
      "weightPerGiftedSubT3": 25,
      "weightPerDonationUnit": 1,
      "weightPerHundredBits": 1,
      "subsNeededForArena": 25,
      "subsMultiplier": 4
    }
  }
}