{
  "HASTE": {
    "name": "Haste",
    "levels": [
      {
        "effect": "minecraft:haste",
        "amplifier": 0,
        "type": "icon_only",
        "operator": "set",
        "cost": 2
      },
      {
        "effect": "minecraft:haste",
        "amplifier": 1,
        "type": "icon_only", 
        "operator": "set",
        "cost": 2
      },
      {
        "effect": "minecraft:haste",
        "amplifier": 2,
        "type": "icon_only", 
        "operator": "set",
        "cost": 4
      },
      {
        "effect": "minecraft:haste",
        "amplifier": 3,
        "type": "icon_only", 
        "operator": "set",
        "cost": 6
      },
      {
        "effect": "minecraft:haste",
        "amplifier": 4,
        "type": "icon_only", 
        "operator": "set",
        "cost": 6
      },
      {
        "effect": "minecraft:haste",
        "amplifier": 5,
        "type": "icon_only", 
        "operator": "set",
        "cost": 8
      }
    ]
  },
  "REGENERATION": {
    "name": "Regeneration",
    "levels": [
      {
        "effect": "minecraft:regeneration",
        "amplifier": 0,
        "type": "icon_only", 
        "operator": "set",
        "cost": 3
      },
      {
        "effect": "minecraft:regeneration",
        "amplifier": 1,
        "type": "icon_only", 
        "operator": "set",
        "cost": 6
      },
      {
        "effect": "minecraft:regeneration",
        "amplifier": 2,
        "type": "icon_only", 
        "operator": "set",
        "cost": 10
      },
      {
        "effect": "minecraft:regeneration",
        "amplifier": 3,
        "type": "icon_only", 
        "operator": "set",
        "cost": 22
      },
      {
        "effect": "minecraft:regeneration",
        "amplifier": 4,
        "type": "icon_only", 
        "operator": "set",
        "cost": 32
      }
    ]
  },
  "VAMPIRISM": {
    "name": "Vampirism",
    "levels": [
      {
        "leechRatio": 0.05,
        "cost": 10
      },
      {
        "leechRatio": 0.07,
        "cost": 10
      },
      {
        "leechRatio": 0.09,
        "cost": 10
      },
      {
        "leechRatio": 0.11,
        "cost": 10
      },
      {
        "leechRatio": 0.13,
        "cost": 14
      },
      {
        "leechRatio": 0.15,
        "cost": 16
      }
    ]
  },
  "RESISTANCE": {
    "name": "Resistance",
    "levels": [
      {
        "effect": "minecraft:resistance",
        "amplifier": 0,
        "type": "icon_only", 
        "operator": "set",
        "cost": 3
      },
      {
        "effect": "minecraft:resistance",
        "amplifier": 1,
        "type": "icon_only", 
        "operator": "set",
        "cost": 6
      }
    ]
  },
  "STRENGTH": {
    "name": "Strength",
    "levels": [
      {
        "effect": "minecraft:strength",
        "amplifier": 0,
        "type": "icon_only", 
        "operator": "set",
        "cost": 3
      },
      {
        "effect": "minecraft:strength",
        "amplifier": 1,
        "type": "icon_only", 
        "operator": "set",
        "cost": 3
      },
      {
        "effect": "minecraft:strength",
        "amplifier": 2,
        "type": "icon_only", 
        "operator": "set",
        "cost": 3
      },
      {
        "effect": "minecraft:strength",
        "amplifier": 3,
        "type": "icon_only", 
        "operator": "set",
        "cost": 3
      },
      {
        "effect": "minecraft:strength",
        "amplifier": 4,
        "type": "icon_only", 
        "operator": "set",
        "cost": 3
      },
      {
        "effect": "minecraft:strength",
        "amplifier": 5,
        "type": "icon_only", 
        "operator": "set",
        "cost": 4
      },
      {
        "effect": "minecraft:strength",
        "amplifier": 6,
        "type": "icon_only", 
        "operator": "set",
        "cost": 4
      },
      {
        "effect": "minecraft:strength",
        "amplifier": 7,
        "type": "icon_only", 
        "operator": "set",
        "cost": 8
      },
      {
        "effect": "minecraft:strength",
        "amplifier": 8,
        "type": "icon_only", 
        "operator": "set",
        "cost": 10
      },
      {
        "effect": "minecraft:strength",
        "amplifier": 9,
        "type": "icon_only", 
        "operator": "set",
        "cost": 14
      }
    ]
  },
  "FIRE_RESISTANCE": {
    "name": "Fire Resistance",
    "levels": [
      {
        "effect": "minecraft:fire_resistance",
        "amplifier": 0,
        "type": "icon_only", 
        "operator": "set",
        "cost": 5
      }
    ]
  },
  "SPEED": {
    "name": "Speed",
    "levels": [
      {
        "effect": "minecraft:speed",
        "amplifier": 0,
        "type": "icon_only", 
        "operator": "set",
        "cost": 2
      },
      {
        "effect": "minecraft:speed",
        "amplifier": 1,
        "type": "icon_only", 
        "operator": "set",
        "cost": 2
      },
      {
        "effect": "minecraft:speed",
        "amplifier": 2,
        "type": "icon_only", 
        "operator": "set",
        "cost": 2
      },
      {
        "effect": "minecraft:speed",
        "amplifier": 3,
        "type": "icon_only", 
        "operator": "set",
        "cost": 2
      },
      {
        "effect": "minecraft:speed",
        "amplifier": 4,
        "type": "icon_only", 
        "operator": "set",
        "cost": 2
      }
    ]
  },
  "WATER_BREATHING": {
    "name": "Water Breathing",
    "levels": [
      {
        "effect": "minecraft:water_breathing",
        "amplifier": 0,
        "type": "icon_only", 
        "operator": "set",
        "cost": 5
      }
    ]
  },
  "WELL_FIT": {
    "name": "Well Fit",
    "levels": [
      {
        "attribute": "minecraft:generic.max_health",
        "modifier": {
          "id": "61826bc2-0a82-4485-9b9a-ff056de064cc",
          "name": "Extra Health I",
          "amount": 2.0,
          "operation": 0
        },
        "cost": 1
      },
      {
        "attribute": "minecraft:generic.max_health",
        "modifier": {
          "id": "e9aa9deb-723b-46b8-9f60-ffdc8aa4988b",
          "name": "Extra Health II",
          "amount": 4.0,
          "operation": 0
        },
        "cost": 1
      },
      {
        "attribute": "minecraft:generic.max_health",
        "modifier": {
          "id": "9d340fb4-14c2-47eb-a0c3-4b8ded27ee97",
          "name": "Extra Health III",
          "amount": 6.0,
          "operation": 0
        },
        "cost": 1
      },
      {
        "attribute": "minecraft:generic.max_health",
        "modifier": {
          "id": "e8a26e45-8d7b-41d6-8087-c4f89740a5be",
          "name": "Extra Health IV",
          "amount": 8.0,
          "operation": 0
        },
        "cost": 1
      },
      {
        "attribute": "minecraft:generic.max_health",
        "modifier": {
          "id": "6091b7d1-1245-4124-8f24-b84c462a4eb1",
          "name": "Extra Health V",
          "amount": 10.0,
          "operation": 0
        },
        "cost": 1
      },
      {
        "attribute": "minecraft:generic.max_health",
        "modifier": {
          "id": "d9e9602c-4577-48fc-997d-aff6e4bfc878",
          "name": "Extra Health VI",
          "amount": 12.0,
          "operation": 0
        },
        "cost": 1
      },
      {
        "attribute": "minecraft:generic.max_health",
        "modifier": {
          "id": "744e1520-b2f7-4dfe-af47-53291704fee3",
          "name": "Extra Health VII",
          "amount": 14.0,
          "operation": 0
        },
        "cost": 1
      },
      {
        "attribute": "minecraft:generic.max_health",
        "modifier": {
          "id": "3766cefb-4860-4fd1-b672-dd82c3caa118",
          "name": "Extra Health VIII",
          "amount": 16.0,
          "operation": 0
        },
        "cost": 1
      },
      {
        "attribute": "minecraft:generic.max_health",
        "modifier": {
          "id": "e8ae2c20-03bd-4a96-a9b9-3f0dfd179417",
          "name": "Extra Health IX",
          "amount": 18.0,
          "operation": 0
        },
        "cost": 1
      },
      {
        "attribute": "minecraft:generic.max_health",
        "modifier": {
          "id": "606e7e42-af81-46e3-9390-4a0b14a583a7",
          "name": "Extra Health X",
          "amount": 20.0,
          "operation": 0
        },
        "cost": 1
      }
    ]
  },
  "REACH": {
    "name": "Reach",
    "levels": [
      {
        "attribute": "forge:reach_distance",
        "modifier": {
          "id": "70416073-a7c2-407b-8db7-94b3f7aca8df",
          "name": "Maximum Reach I",
          "amount": 1.0,
          "operation": 0
        },
        "cost": 1
      },
      {
        "attribute": "forge:reach_distance",
        "modifier": {
          "id": "495bbef2-11e7-4bd9-b02c-f441efa7c646",
          "name": "Maximum Reach II",
          "amount": 2.0,
          "operation": 0
        },
        "cost": 1
      },
      {
        "attribute": "forge:reach_distance",
        "modifier": {
          "id": "5eb4c5c2-95f9-4ec1-8d41-dbcc2448539f",
          "name": "Maximum Reach III",
          "amount": 3.0,
          "operation": 0
        },
        "cost": 1
      },
      {
        "attribute": "forge:reach_distance",
        "modifier": {
          "id": "49e2c639-e1d7-407a-89e5-f03882cf7b43",
          "name": "Maximum Reach IV",
          "amount": 4.0,
          "operation": 0
        },
        "cost": 1
      },
      {
        "attribute": "forge:reach_distance",
        "modifier": {
          "id": "6f3930cf-c302-4b99-aede-59d00448b613",
          "name": "Maximum Reach V",
          "amount": 5.0,
          "operation": 0
        },
        "cost": 1
      },
      {
        "attribute": "forge:reach_distance",
        "modifier": {
          "id": "3a3ee31d-5cb6-489e-aafe-5188db83ff0d",
          "name": "Maximum Reach VI",
          "amount": 6.0,
          "operation": 0
        },
        "cost": 1
      },
      {
        "attribute": "forge:reach_distance",
        "modifier": {
          "id": "07146fd7-8ed5-4145-a184-42121fc69258",
          "name": "Maximum Reach VII",
          "amount": 7.0,
          "operation": 0
        },
        "cost": 1
      },
      {
        "attribute": "forge:reach_distance",
        "modifier": {
          "id": "43cfdf7a-769b-4ef8-bed9-bfd5f5a7dedf",
          "name": "Maximum Reach VIII",
          "amount": 8.0,
          "operation": 0
        },
        "cost": 1
      },
      {
        "attribute": "forge:reach_distance",
        "modifier": {
          "id": "49bf8cad-7f13-463a-8e51-81f9514ab038",
          "name": "Maximum Reach IX",
          "amount": 9.0,
          "operation": 0
        },
        "cost": 1
      },
      {
        "attribute": "forge:reach_distance",
        "modifier": {
          "id": "6f44eeaa-3944-4459-980f-d3e56a1fa46b",
          "name": "Maximum Reach X",
          "amount": 10.0,
          "operation": 0
        },
        "cost": 1
      }
    ]
  },
  "TWERKER": {
    "name": "Twerker",
    "levels": [
      {
        "tickDelay": 10,
        "xRange": 1,
        "yRange": 1,
        "zRange": 1,
        "cost": 2
      },
	  {
        "tickDelay": 5,
        "xRange": 3,
        "yRange": 2,
        "zRange": 3,
        "cost": 1
      },
	  {
        "tickDelay": 3,
        "xRange": 6,
        "yRange": 2,
        "zRange": 6,
        "cost": 1
      }
    ]
  },
  "ELVISH": {
    "name": "Elvish",
    "levels": [
      {
        "cost": 5
      }
    ]
  },
  "ANGEL": {
    "name": "Angel",
    "levels": [
      {
        "cost": 200
      }
    ]
  },
  "EXPERIENCED": {
    "name": "Experienced",
    "levels": [
      {
        "increasedExpPercentage": 0.5,
        "cost": 2
      },
      {
        "increasedExpPercentage": 1.0,
        "cost": 2
      },
      {
        "increasedExpPercentage": 1.5,
        "cost": 3
      },
      {
        "increasedExpPercentage": 2.0,
        "cost": 3
      },
      {
        "increasedExpPercentage": 2.5,
        "cost": 3
      },
      {
        "increasedExpPercentage": 3.0,
        "cost": 3
      },
      {
        "increasedExpPercentage": 3.5,
        "cost": 3
      },
      {
        "increasedExpPercentage": 4.0,
        "cost": 3
      },
      {
        "increasedExpPercentage": 4.5,
        "cost": 3
      },
      {
        "increasedExpPercentage": 5.0,
        "cost": 4
      },
      {
        "increasedExpPercentage": 20.0,
        "cost": 24
      }
    ]
  },
  "PARRY": {
    "name": "Parry",
    "levels": [
      {
        "parryChance": 0.04,
        "cost": 1
      },
      {
        "parryChance": 0.06,
        "cost": 1
      },
      {
        "parryChance": 0.08,
        "cost": 1
      },
      {
        "parryChance": 0.10,
        "cost": 1
      },
      {
        "parryChance": 0.12,
        "cost": 1
      },
      {
        "parryChance": 0.14,
        "cost": 1
      },
      {
        "parryChance": 0.16,
        "cost": 1
      },
      {
        "parryChance": 0.18,
        "cost": 1
      },
      {
        "parryChance": 0.20,
        "cost": 1
      },
      {
        "parryChance": 0.25,
        "cost": 3
      }
    ]
  },
  "STONE_SKIN": {
    "name": "Stone Skin",
    "levels": [
      {
        "attribute": "minecraft:generic.knockback_resistance",
        "modifier": {
          "id": "298c59d4-a22d-430c-b828-9d878df73713",
          "name": "Extra Knockback Resistance I",
          "amount": 0.10000000149011612,
          "operation": 0
        },
        "cost": 1
      },
      {
        "attribute": "minecraft:generic.knockback_resistance",
        "modifier": {
          "id": "78f0faea-03a8-46af-9e8e-941bd1d7b91a",
          "name": "Extra Knockback Resistance II",
          "amount": 0.20000000298023224,
          "operation": 0
        },
        "cost": 1
      },
      {
        "attribute": "minecraft:generic.knockback_resistance",
        "modifier": {
          "id": "781792b1-ec60-4574-b248-bbdca091dae0",
          "name": "Extra Knockback Resistance III",
          "amount": 0.30000001192092896,
          "operation": 0
        },
        "cost": 1
      },
      {
        "attribute": "minecraft:generic.knockback_resistance",
        "modifier": {
          "id": "78a4a8e1-82fe-4dcf-92cc-fa903be2abda",
          "name": "Extra Knockback Resistance IV",
          "amount": 0.4000000059604645,
          "operation": 0
        },
        "cost": 1
      },
      {
        "attribute": "minecraft:generic.knockback_resistance",
        "modifier": {
          "id": "286cae7c-d0ea-4caa-86ec-6e78cee56795",
          "name": "Extra Knockback Resistance V",
          "amount": 0.5,
          "operation": 0
        },
        "cost": 1
      },
      {
        "attribute": "minecraft:generic.knockback_resistance",
        "modifier": {
          "id": "807c795d-80af-461d-96d9-86f24273e121",
          "name": "Extra Knockback Resistance VI",
          "amount": 0.6000000238418579,
          "operation": 0
        },
        "cost": 1
      },
      {
        "attribute": "minecraft:generic.knockback_resistance",
        "modifier": {
          "id": "a8a48777-cba1-43de-84e5-7ccaf2972524",
          "name": "Extra Knockback Resistance VII",
          "amount": 0.699999988079071,
          "operation": 0
        },
        "cost": 2
      },
      {
        "attribute": "minecraft:generic.knockback_resistance",
        "modifier": {
          "id": "276a40e1-7cb8-4972-b2fb-9376e6491338",
          "name": "Extra Knockback Resistance VIII",
          "amount": 0.800000011920929,
          "operation": 0
        },
        "cost": 2
      },
      {
        "attribute": "minecraft:generic.knockback_resistance",
        "modifier": {
          "id": "77c591b7-bc24-478d-8420-eaf6aceefb43",
          "name": "Extra Knockback Resistance IX",
          "amount": 0.9000000357627869,
          "operation": 0
        },
        "cost": 4
      },
      {
        "attribute": "minecraft:generic.knockback_resistance",
        "modifier": {
          "id": "28786c57-472c-456a-b01d-e88e34bc55ee",
          "name": "Extra Knockback Resistance X",
          "amount": 1.0,
          "operation": 0
        },
        "cost": 4
      }
    ]
  },
  "UNBREAKABLE": {
    "name": "Unbreakable",
    "levels": [
      {
        "extraUnbreaking": 1.0,
        "cost": 2
      },
      {
        "extraUnbreaking": 2.0,
        "cost": 3
      },
      {
        "extraUnbreaking": 3.0,
        "cost": 4
      },
      {
        "extraUnbreaking": 4.0,
        "cost": 4
      },
      {
        "extraUnbreaking": 5.0,
        "cost": 5
      },
      {
        "extraUnbreaking": 6.0,
        "cost": 6
      },
      {
        "extraUnbreaking": 7.0,
        "cost": 6
      },
      {
        "extraUnbreaking": 8.0,
        "cost": 6
      },
      {
        "extraUnbreaking": 9.0,
        "cost": 8
      },
      {
        "extraUnbreaking": 10.0,
        "cost": 8
      }
    ]
  },
  "CRITICAL_STRIKE": {
    "name": "Critical Strike",
    "levels": [
      {
        "chance": 0.08,
        "cost": 1
      },
      {
        "chance": 0.12,
        "cost": 1
      },
      {
        "chance": 0.15,
        "cost": 1
      },
      {
        "chance": 0.18,
        "cost": 2
      },
      {
        "chance": 0.22,
        "cost": 2
      },
      {
        "chance": 0.25,
        "cost": 2
      },
      {
        "chance": 0.3,
        "cost": 2
      },
      {
        "chance": 0.35,
        "cost": 2
      },
      {
        "chance": 0.4,
        "cost": 2
      },
      {
        "chance": 0.5,
        "cost": 5
      },
      {
        "chance": 1.0,
        "cost": 20
      }
    ]
  },
  "LOOTER": {
    "name": "Looter",
    "levels": [
      {
        "effect": "minecraft:luck",
        "amplifier": 0,
        "type": "icon_only", "operator": "set",
        "cost": 2
      },
      {
        "effect": "minecraft:luck",
        "amplifier": 1,
        "type": "icon_only", "operator": "set",
        "cost": 3
      },
      {
        "effect": "minecraft:luck",
        "amplifier": 2,
        "type": "icon_only", "operator": "set",
        "cost": 10
      },
      {
        "effect": "minecraft:luck",
        "amplifier": 3,
        "type": "icon_only", "operator": "set",
        "cost": 15
      },
      {
        "effect": "minecraft:luck",
        "amplifier": 4,
        "type": "icon_only", "operator": "set",
        "cost": 15
      }
    ]
  },
  "CARAPACE": {
    "name": "Carapace",
    "levels": [
      {
        "resistanceBonus": 0.01,
        "cost": 1
      },
      {
        "resistanceBonus": 0.02,
        "cost": 1
      },
      {
        "resistanceBonus": 0.03,
        "cost": 1
      },
      {
        "resistanceBonus": 0.04,
        "cost": 2
      },
      {
        "resistanceBonus": 0.049999997,
        "cost": 2
      },
      {
        "resistanceBonus": 0.06,
        "cost": 2
      },
      {
        "resistanceBonus": 0.07,
        "cost": 2
      },
      {
        "resistanceBonus": 0.08,
        "cost": 2
      },
      {
        "resistanceBonus": 0.089999996,
        "cost": 2
      },
      {
        "resistanceBonus": 0.099999994,
        "cost": 3
      }
    ]
  },
  "CHUNKY": {
    "name": "Chunky",
    "levels": [
      {
        "attribute": "minecraft:generic.max_health",
        "modifier": {
          "id": "00e9d794-ea6c-46e8-b364-9791878f3be0",
          "name": "Extra Health 2 I",
          "amount": 2.0,
          "operation": 0
        },
        "cost": 3
      },
      {
        "attribute": "minecraft:generic.max_health",
        "modifier": {
          "id": "55719a0a-db75-474e-be80-44caba209725",
          "name": "Extra Health 2 II",
          "amount": 4.0,
          "operation": 0
        },
        "cost": 3
      },
      {
        "attribute": "minecraft:generic.max_health",
        "modifier": {
          "id": "0a2cb3ed-c10a-45e8-a816-9b6f601b1034",
          "name": "Extra Health 2 III",
          "amount": 6.0,
          "operation": 0
        },
        "cost": 3
      },
      {
        "attribute": "minecraft:generic.max_health",
        "modifier": {
          "id": "55254803-5acc-4e6d-b2be-ab3f242b89e4",
          "name": "Extra Health 2 IV",
          "amount": 8.0,
          "operation": 0
        },
        "cost": 3
      },
      {
        "attribute": "minecraft:generic.max_health",
        "modifier": {
          "id": "0141e775-e157-4888-a857-ab32835b377a",
          "name": "Extra Health 2 V",
          "amount": 10.0,
          "operation": 0
        },
        "cost": 4
      },
      {
        "attribute": "minecraft:generic.max_health",
        "modifier": {
          "id": "46f9201e-9dd8-4e94-ba06-4f4037bdd8c6",
          "name": "Extra Health 2 VI",
          "amount": 12.0,
          "operation": 0
        },
        "cost": 4
      },
      {
        "attribute": "minecraft:generic.max_health",
        "modifier": {
          "id": "9c70e9ef-12be-4ec5-ad31-25289cec8bd7",
          "name": "Extra Health 2 VII",
          "amount": 14.0,
          "operation": 0
        },
        "cost": 4
      },
      {
        "attribute": "minecraft:generic.max_health",
        "modifier": {
          "id": "b0777da1-a285-4785-a852-638f3b22f2ad",
          "name": "Extra Health 2 VIII",
          "amount": 16.0,
          "operation": 0
        },
        "cost": 4
      },
      {
        "attribute": "minecraft:generic.max_health",
        "modifier": {
          "id": "55bdec13-5c1e-402e-8a41-de575015a466",
          "name": "Extra Health 2 IX",
          "amount": 18.0,
          "operation": 0
        },
        "cost": 6
      },
      {
        "attribute": "minecraft:generic.max_health",
        "modifier": {
          "id": "014da550-5798-4148-9189-2548e93225d3",
          "name": "Extra Health 2 X",
          "amount": 20.0,
          "operation": 0
        },
        "cost": 6
      }
    ]
  },
  "FRENZY": {
    "name": "Frenzy",
    "levels": [
      {
        "threshold": 0.2,
        "damageMultiplier": 2.0,
        "cost": 5
      },
      {
        "threshold": 0.2,
        "damageMultiplier": 2.5,
        "cost": 4
      },
      {
        "threshold": 0.2,
        "damageMultiplier": 3.0,
        "cost": 4
      },
      {
        "threshold": 0.25,
        "damageMultiplier": 3.0,
        "cost": 5
      },
      {
        "threshold": 0.25,
        "damageMultiplier": 4.0,
        "cost": 5
      }
    ]
  },
  "STEP": {
    "name": "Step",
    "levels": [
      {
        "stepHeightAddend": 0.4,
        "cost": 5
      }
    ]
  },
  "NINJA": {
    "name": "Ninja",
    "levels": [
      {
        "parryChance": 0.01,
        "cost": 1
      },
      {
        "parryChance": 0.02,
        "cost": 1
      },
      {
        "parryChance": 0.03,
        "cost": 1
      },
      {
        "parryChance": 0.04,
        "cost": 1
      },
      {
        "parryChance": 0.049999997,
        "cost": 1
      },
      {
        "parryChance": 0.07,
        "cost": 3
      },
      {
        "parryChance": 0.09,
        "cost": 3
      },
      {
        "parryChance": 0.11,
        "cost": 3
      },
      {
        "parryChance": 0.13,
        "cost": 3
      },
      {
        "parryChance": 0.15,
        "cost": 3
      }
    ]
  }
}