{
  "TRADES_TIER1": [
    {
      "value": {
        "buy": {
          "id": "the_vault:vault_silver",
          "amountMin": 3,
          "amountMax": 5
        },
        "sell": {
          "id": "the_vault:star_essence",
          "amountMin": 2,
          "amountMax": 4
        },
        "max_trades": 3
      },
      "weight": 1
    },
    {
      "value": {
        "buy": {
          "id": "the_vault:vault_silver",
          "amountMin": 3,
          "amountMax": 5
        },
        "sell": {
          "id": "the_vault:skill_essence",
          "amountMin": 2,
          "amountMax": 4
        },
        "max_trades": 3
      },
      "weight": 1
    },
    {
      "value": {
        "buy": {
          "id": "minecraft:enchanted_golden_apple",
          "amountMin": 8,
          "amountMax": 8
        },
        "sell": {
          "id": "minecraft:stick",
          "nbt": "{Enchantments:[{lvl:10,id:\"minecraft:knockback\"},{lvl:9001,id:\"minecraft:sharpness\"}]}",
          "amountMin": 1,
          "amountMax": 1
        },
        "max_trades": 3
      },
      "weight": 1
    }
  ],
  "TRADES_TIER2": [
    {
      "value": {
        "buy": {
          "id": "minecraft:apple",
          "amountMin": 8,
          "amountMax": 8
        },
        "sell": {
          "id": "minecraft:golden_apple",
          "amountMin": 1,
          "amountMax": 1
        },
        "max_trades": 3
      },
      "weight": 1
    },
    {
      "value": {
        "buy": {
          "id": "minecraft:golden_apple",
          "amountMin": 8,
          "amountMax": 8
        },
        "sell": {
          "id": "minecraft:enchanted_golden_apple",
          "amountMin": 1,
          "amountMax": 1
        },
        "max_trades": 3
      },
      "weight": 1
    },
    {
      "value": {
        "buy": {
          "id": "minecraft:enchanted_golden_apple",
          "amountMin": 8,
          "amountMax": 8
        },
        "sell": {
          "id": "minecraft:stick",
          "nbt": "{Enchantments:[{lvl:10,id:\"minecraft:knockback\"},{lvl:9001,id:\"minecraft:sharpness\"}]}",
          "amountMin": 1,
          "amountMax": 1
        },
        "max_trades": 3
      },
      "weight": 1
    }
  ],
  "TRADES_TIER3": [
    {
      "value": {
        "buy": {
          "id": "minecraft:apple",
          "amountMin": 8,
          "amountMax": 8
        },
        "sell": {
          "id": "minecraft:golden_apple",
          "amountMin": 1,
          "amountMax": 1
        },
        "max_trades": 3
      },
      "weight": 1
    },
    {
      "value": {
        "buy": {
          "id": "minecraft:golden_apple",
          "amountMin": 8,
          "amountMax": 8
        },
        "sell": {
          "id": "minecraft:enchanted_golden_apple",
          "amountMin": 1,
          "amountMax": 1
        },
        "max_trades": 3
      },
      "weight": 1
    },
    {
      "value": {
        "buy": {
          "id": "minecraft:enchanted_golden_apple",
          "amountMin": 8,
          "amountMax": 8
        },
        "sell": {
          "id": "minecraft:stick",
          "nbt": "{Enchantments:[{lvl:10,id:\"minecraft:knockback\"},{lvl:9001,id:\"minecraft:sharpness\"}]}",
          "amountMin": 1,
          "amountMax": 1
        },
        "max_trades": 3
      },
      "weight": 1
    }
  ]
}