{
  "MAX_MOBS_MODIFIERS": [
    {
      "maxMobsAddend": -2,
      "name": "Personal Space",
      "icon": "the_vault:textures/gui/modifiers/personalspace.png",
      "color": "16364031",
      "description": "No mobs will spawn around you"
    },
    {
      "maxMobsAddend": 4,
      "name": "Crowded",
      "icon": "the_vault:textures/gui/modifiers/crowded.png",
      "color": "15220516",
      "description": "Spawns mobs around you"
    },
    {
      "maxMobsAddend": 6,
      "name": "Chaotic",
      "icon": "the_vault:textures/gui/modifiers/chaotic.png",
      "color": "9633792",
      "description": "Spawns A LOT of mobs around you!"
    },
    {
      "maxMobsAddend": 9,
      "name": "Impossible",
      "icon": "the_vault:textures/gui/modifiers/impossible.png",
      "color": "7143424",
      "description": "This is gonna be tough... good luck."
    }
  ],
  "TIMER_MODIFIERS": [
    {
      "timerAddend": -6000,
      "name": "Fast",
      "icon": "the_vault:textures/gui/modifiers/fast.png",
      "color": "16764271",
      "description": "Removes 5 minutes from the clock."
    },
    {
      "timerAddend": -12000,
      "name": "Rush",
      "icon": "the_vault:textures/gui/modifiers/rush.png",
      "color": "16756847",
      "description": "Removes 10 minutes from the clock."
    },
    {
      "timerAddend": 6000,
      "name": "Optimistic",
      "icon": "the_vault:textures/gui/modifiers/optimistic.png",
      "color": "3165087",
      "description": "Adds 5 minutes to the clock."
    }
  ],
  "LEVEL_MODIFIERS": [
    {
      "levelAddend": -5,
      "name": "Easy",
      "icon": "the_vault:textures/gui/modifiers/easy.png",
      "color": "7405354",
      "description": "Your vault level is decreased"
    },
    {
      "levelAddend": -10,
      "name": "Trivial",
      "icon": "the_vault:textures/gui/modifiers/trivial.png",
      "color": "11223035",
      "description": "Your vault level is heavily decreased"
    },
    {
      "levelAddend": 5,
      "name": "Difficult",
      "icon": "the_vault:textures/gui/modifiers/difficult.png",
      "color": "14811136",
      "description": "Your vault level is increased"
    },
    {
      "levelAddend": 10,
      "name": "Hard",
      "icon": "the_vault:textures/gui/modifiers/hard.png",
      "color": "13107200",
      "description": "Your vault level is very increased"
    },
    {
      "levelAddend": 15,
      "name": "Challenging",
      "icon": "the_vault:textures/gui/modifiers/challenging.png",
      "color": "10485760",
      "description": "Your vault level is far above your level"
    }
  ],
  "EFFECT_MODIFIERS": [
    {
      "effect": "minecraft:luck",
      "value": 1,
      "operator": "ADD",
      "type": "icon_only",
      "name": "Lucky",
      "icon": "the_vault:textures/gui/modifiers/lucky.png",
      "color": "16771328",
      "description": "Adds 1 to the current luck amplifier."
    },
    {
      "effect": "minecraft:unluck",
      "value": 1,
      "operator": "ADD",
      "type": "icon_only",
      "name": "Unlucky",
      "icon": "the_vault:textures/gui/modifiers/unlucky.png",
      "color": "10441472",
      "description": "Adds 1 to the current unluck amplifier."
    },
    {
      "effect": "minecraft:hunger",
      "value": 10,
      "operator": "ADD",
      "type": "icon_only",
      "name": "Hunger",
      "icon": "the_vault:textures/gui/modifiers/hunger.png",
      "color": "15260365",
      "description": "Dont eat spider eyes Fundy..."
    },
    {
      "effect": "minecraft:mining_fatigue",
      "value": 1,
      "operator": "ADD",
      "type": "icon_only",
      "name": "Tired",
      "icon": "the_vault:textures/gui/modifiers/tired.png",
      "color": "15264225",
      "description": "You feel tired."
    },
    {
      "effect": "minecraft:slowness",
      "value": 1,
      "operator": "ADD",
      "type": "icon_only",
      "name": "Slowed",
      "icon": "the_vault:textures/gui/modifiers/slowed.png",
      "color": "5007238",
      "description": "Speedrunner? more like Slowrunner..."
    },
    {
      "effect": "minecraft:weakness",
      "value": 1,
      "operator": "ADD",
      "type": "icon_only",
      "name": "Weakened",
      "icon": "the_vault:textures/gui/modifiers/weakness.png",
      "color": "10441472",
      "description": "You shouldn't have done this today"
    },
    {
      "effect": "minecraft:speed",
      "value": 1,
      "operator": "ADD",
      "type": "icon_only",
      "name": "Speedy",
      "icon": "the_vault:textures/gui/modifiers/speed.png",
      "color": "52735",
      "description": "You do be faster tho!"
    },
    {
      "effect": "minecraft:speed",
      "value": 2,
      "operator": "ADD",
      "type": "icon_only",
      "name": "Super Speed",
      "icon": "the_vault:textures/gui/modifiers/speed.png",
      "color": "52735",
      "description": "Super speedy!"
    },
    {
      "effect": "minecraft:luck",
      "value": 3,
      "operator": "ADD",
      "type": "icon_only",
      "name": "Super Lucky",
      "icon": "the_vault:textures/gui/modifiers/super_luck.png",
      "color": "14085376",
      "description": "Opening chests in this vault is very smarts, you are super lucky!"
    },
    {
      "effect": "minecraft:regeneration",
      "value": 1,
      "operator": "ADD",
      "type": "icon_only",
      "name": "Healing",
      "icon": "the_vault:textures/gui/modifiers/regeneration.png",
      "color": "65431",
      "description": "This vault heals you!"
    },
    {
      "effect": "minecraft:regeneration",
      "value": 2,
      "operator": "ADD",
      "type": "icon_only",
      "name": "Super Healing",
      "icon": "the_vault:textures/gui/modifiers/regeneration.png",
      "color": "65431",
      "description": "This vault heals you quite a bit!"
    },
    {
      "effect": "minecraft:strength",
      "value": 1,
      "operator": "ADD",
      "type": "icon_only",
      "name": "Stronk",
      "icon": "the_vault:textures/gui/modifiers/plus1-strength.png",
      "color": "6165221",
      "description": "You are stronger in this vault"
    },
    {
      "effect": "minecraft:strength",
      "value": 2,
      "operator": "ADD",
      "type": "icon_only",
      "name": "Mega Stronk",
      "icon": "the_vault:textures/gui/modifiers/plus1-strength.png",
      "color": "6172133",
      "description": "You are much stronger in this vault"
    }
  ],
  "NO_EXIT_MODIFIERS": [
    {
      "name": "Raffle",
      "icon": "the_vault:textures/gui/modifiers/raffle.png",
      "color": "12910619",
      "description": "This vault is locked"
    },
    {
      "name": "Locked",
      "icon": "the_vault:textures/gui/modifiers/no_exit.png",
      "color": "16711680",
      "description": "F"
    }
  ],
  "ADDITIONAL_CHEST_MODIFIERS": [
    {
      "additionalBonusChestPasses": 1,
      "chestGenerationAttempts": 96,
      "name": "Gilded",
      "icon": "the_vault:textures/gui/modifiers/gilded.png",
      "color": "16772096",
      "description": "Adds an additional set of random chests!"
    },
    {
      "additionalBonusChestPasses": 2,
      "chestGenerationAttempts": 96,
      "name": "Hoard",
      "icon": "the_vault:textures/gui/modifiers/hoard.png",
      "color": "16765440",
      "description": "Adds 2 additional sets of random chests!"
    },
    {
      "additionalBonusChestPasses": 3,
      "chestGenerationAttempts": 96,
      "name": "Treasure",
      "icon": "the_vault:textures/gui/modifiers/treasure.png",
      "color": "16760576",
      "description": "Adds 3 additional sets of random chests!"
    }
  ],
  "SCALE_MODIFIERS": [
    {
      "scale": 0.5,
      "name": "Daycare",
      "icon": "the_vault:textures/gui/modifiers/daycare.png",
      "color": "65535",
      "description": "Hbombs nightmare is here"
    },
    {
      "scale": 1.5,
      "name": "Giant",
      "icon": "the_vault:textures/gui/modifiers/daycare.png",
      "color": "65535",
      "description": "There be giants"
    }
  ],
  "FRENZY_MODIFIERS": [
    {
      "damageMultiplier": 3.0,
      "additionalMovementSpeed": 0.1,
      "name": "Frenzy",
      "icon": "the_vault:textures/gui/modifiers/frenzy.png",
      "color": "16546908",
      "description": "Mobs are on a frenzy, making them extremely hurtful & fast, but also very weak..."
    }
  ],
  "TRAPPED_CHESTS_MODIFIERS": [
    {
      "chanceOfTrappedChests": 0.0,
      "name": "Safe Zone",
      "icon": "the_vault:textures/gui/modifiers/safezone.png",
      "color": "65535",
      "description": "No chests will be trapped in this vault!"
    },
    {
      "chanceOfTrappedChests": 3.0,
      "name": "Trapped",
      "icon": "the_vault:textures/gui/modifiers/trapped.png",
      "color": "65535",
      "description": "Watch out, there be traps... everywhere."
    }
  ],
  "ARTIFACT_MODIFIERS": [
    {
      "artifactChanceIncrease": 0.25,
      "name": "Exploration",
      "icon": "the_vault:textures/gui/modifiers/more-artifact1.png",
      "color": "15466381",
      "description": "The boss has a +25% chance to drop an artifact in this vault!"
    },
    {
      "artifactChanceIncrease": 0.5,
      "name": "Odyssey",
      "icon": "the_vault:textures/gui/modifiers/more-artifact2.png",
      "color": "14483250",
      "description": "The boss has a +50% chance to drop an artifact in this vault!"
    }
  ],
  "CATALYST_MODIFIERS": [
    {
      "catalystChanceIncrease": 2.0,
      "name": "Prismatic",
      "icon": "the_vault:textures/gui/modifiers/more-catalyst.png",
      "color": "16515299",
      "description": "Increased chance of finding catalyst fragments in this vault!"
    }
  ],
  "LOOTABLE_MODIFIERS": [
    {
      "pool": "ORE",
      "resultMultipliers": {
        "the_vault:ore_larimar": 2.0,
        "the_vault:ore_funsoide": 2.0,
        "the_vault:ore_puffium": 2.0,
        "the_vault:ore_ashium": 2.0,
        "the_vault:ore_upaline": 2.0,
        "the_vault:ore_painite": 2.0,
        "the_vault:ore_echo": 2.0,
        "the_vault:ore_iskallium": 2.0,
        "the_vault:ore_benitoite": 2.0,
        "the_vault:ore_tubium": 2.0,
        "the_vault:ore_sparkletine": 2.0,
        "the_vault:ore_wutodie": 2.0,
        "the_vault:ore_gorginite": 2.0,
        "the_vault:ore_alexandrite": 2.0,
        "the_vault:ore_bomignite": 2.0,
        "the_vault:ore_black_opal": 2.0
      },
      "name": "Plentiful",
      "icon": "the_vault:textures/gui/modifiers/plentiful.png",
      "color": "16745983",
      "description": "Doubles the amount of vault ores in this vault."
    },
    {
      "pool": "ORE",
      "resultMultipliers": {
        "the_vault:ore_larimar": 3.0,
        "the_vault:ore_funsoide": 3.0,
        "the_vault:ore_puffium": 3.0,
        "the_vault:ore_ashium": 3.0,
        "the_vault:ore_upaline": 3.0,
        "the_vault:ore_painite": 3.0,
        "the_vault:ore_echo": 3.0,
        "the_vault:ore_iskallium": 3.0,
        "the_vault:ore_benitoite": 3.0,
        "the_vault:ore_tubium": 3.0,
        "the_vault:ore_sparkletine": 3.0,
        "the_vault:ore_wutodie": 3.0,
        "the_vault:ore_gorginite": 3.0,
        "the_vault:ore_alexandrite": 3.0,
        "the_vault:ore_bomignite": 3.0,
        "the_vault:ore_black_opal": 3.0
      },
      "name": "Rich",
      "icon": "the_vault:textures/gui/modifiers/rich.png",
      "color": "16741375",
      "description": "Triples the amount of vault ores in this vault."
    },
    {
      "pool": "ORE",
      "resultMultipliers": {
        "the_vault:ore_larimar": 4.0,
        "the_vault:ore_funsoide": 4.0,
        "the_vault:ore_puffium": 4.0,
        "the_vault:ore_ashium": 4.0,
        "the_vault:ore_upaline": 4.0,
        "the_vault:ore_painite": 4.0,
        "the_vault:ore_echo": 4.0,
        "the_vault:ore_iskallium": 4.0,
        "the_vault:ore_benitoite": 4.0,
        "the_vault:ore_tubium": 4.0,
        "the_vault:ore_sparkletine": 4.0,
        "the_vault:ore_wutodie": 4.0,
        "the_vault:ore_gorginite": 4.0,
        "the_vault:ore_alexandrite": 4.0,
        "the_vault:ore_bomignite": 4.0,
        "the_vault:ore_black_opal": 4.0
      },
      "name": "Copious",
      "icon": "the_vault:textures/gui/modifiers/copious.png",
      "color": "16730879",
      "description": "Quadruples the amount of vault ores in this vault!"
    }
  ],
  "INV_RESTORE_MODIFIERS": [
    {
      "preventsArtifact": false,
      "name": "Phoenix",
      "icon": "the_vault:textures/gui/modifiers/phoenix.png",
      "color": "16746752",
      "description": "The rebirth of the phoenix watches over you."
    },
    {
      "preventsArtifact": true,
      "name": "Afterlife",
      "icon": "the_vault:textures/gui/modifiers/afterlife.png",
      "color": "1025763",
      "description": "You can not find an artifact in this vault, but you also can't lose..."
    }
  ],
  "LEVELS": [
    { "MIN_LEVEL": 0,
      "DEFAULT_POOLS": [
        {  "_NAME": "Mob Pool",
          "MIN_ROLLS": 1,
          "MAX_ROLLS": 1,
          "POOL": [
            {
              "value": "Crowded",
              "weight": 4
            },
            {
              "value": "Dummy",
              "weight": 72
            },
            {
              "value": "Personal Space",
              "weight": 25
            },
            {
              "value": "Chaotic",
              "weight": 3
            },
            {
              "value": "Impossible",
              "weight": 1
            }
          ]
        },
        { "_NAME": "Luck Modifier",
          "MIN_ROLLS": 1,
          "MAX_ROLLS": 1,
          "POOL": [
            {
              "value": "Lucky",
              "weight": 1
            },
            {
              "value": "Unlucky",
              "weight": 1
            },
            {
              "value": "Dummy",
              "weight": 10
            }
          ]
        },
        { "_NAME": "Difficulty",
          "MIN_ROLLS": 1,
          "MAX_ROLLS": 1,
          "POOL": [
            {
              "value": "Trivial",
              "weight": 1
            },
            {
              "value": "Easy",
              "weight": 4
            },
            {
              "value": "Dummy",
              "weight": 60
            },
            {
              "value": "Difficult",
              "weight": 4
            },
            {
              "value": "Hard",
              "weight": 2
            },
            {
              "value": "Challenging",
              "weight": 1
            }
          ]
        },
        { "_NAME": "Curses",
          "MIN_ROLLS": 1,
          "MAX_ROLLS": 1,
          "POOL": [
            {
              "value": "Hunger",
              "weight": 4
            },
            {
              "value": "Tired",
              "weight": 4
            },
            {
              "value": "Slowed",
              "weight": 4
            },
            {
              "value": "Weakened",
              "weight": 2
            },
            {
              "value": "Dummy",
              "weight": 160
            }
          ]
        },
        { "_NAME": "Time Effect",
          "MIN_ROLLS": 1,
          "MAX_ROLLS": 1,
          "POOL": [
            {
              "value": "Dummy",
              "weight": 40
            },
            {
              "value": "Fast",
              "weight": 2
            },
            {
              "value": "Rush",
              "weight": 1
            },
            {
              "value": "Optimistic",
              "weight": 3
            }
          ]
        },
        { "_NAME": "Chest Mods",
          "MIN_ROLLS": 1,
          "MAX_ROLLS": 1,
          "POOL": [
            {
              "value": "Dummy",
              "weight": 10
            },
            {
              "value": "Gilded",
              "weight": 1
            }
          ]
        },
        { "_NAME": "Trap Modifications",
          "MIN_ROLLS": 1,
          "MAX_ROLLS": 1,
          "POOL": [
            {
              "value": "Dummy",
              "weight": 40
            },
            {
              "value": "Safe Zone",
              "weight": 2
            },
            {
              "value": "Trapped",
              "weight": 1
            }
          ]
        },
        { "_NAME": "Scale Modifications",
          "MIN_ROLLS": 1,
          "MAX_ROLLS": 1,
          "POOL": [
            {
              "value": "Dummy",
              "weight": 40
            },
            {
              "value": "Daycare",
              "weight": 1
            },
            {
              "value": "Giant",
              "weight": 1
            }
          ]
        },
        { "_NAME": "Mob Buff Modifications",
          "MIN_ROLLS": 1,
          "MAX_ROLLS": 1,
          "POOL": [
            {
              "value": "Dummy",
              "weight": 40
            }
          ]
        },
        { "_NAME": "Boosts",
          "MIN_ROLLS": 1,
          "MAX_ROLLS": 1,
          "POOL": [
            {
              "value": "Speedy",
              "weight": 4
            },
            {
              "value": "Healing",
              "weight": 4
            },
            {
              "value": "Dummy",
              "weight": 30
            }
          ]
        },
        { "_NAME": "Phoenix",
          "MIN_ROLLS": 1,
          "MAX_ROLLS": 1,
          "POOL": [
            {
              "value": "Phoenix",
              "weight": 1
            },
            {
              "value": "Dummy",
              "weight": 20
            }
          ]
        },
        { "_NAME": "Exit Modifications",
          "MIN_ROLLS": 1,
          "MAX_ROLLS": 1,
          "POOL": [
            {
              "value": "Dummy",
              "weight": 10
            }
          ]
        }
      ],
      "RAFFLE_POOLS": [
        {  "_NAME": "Mob Pool",
          "MIN_ROLLS": 1,
          "MAX_ROLLS": 1,
          "POOL": [
            {
              "value": "Crowded",
              "weight": 4
            },
            {
              "value": "Dummy",
              "weight": 96
            },
            {
              "value": "Personal Space",
              "weight": 25
            },
            {
              "value": "Chaotic",
              "weight": 3
            },
            {
              "value": "Impossible",
              "weight": 1
            }
          ]
        },
        { "_NAME": "Luck Modifier",
          "MIN_ROLLS": 1,
          "MAX_ROLLS": 1,
          "POOL": [
            {
              "value": "Lucky",
              "weight": 1
            },
            {
              "value": "Unlucky",
              "weight": 1
            },
            {
              "value": "Dummy",
              "weight": 10
            }
          ]
        },
        { "_NAME": "Difficulty",
          "MIN_ROLLS": 1,
          "MAX_ROLLS": 1,
          "POOL": [
            {
              "value": "Trivial",
              "weight": 1
            },
            {
              "value": "Easy",
              "weight": 4
            },
            {
              "value": "Dummy",
              "weight": 80
            },
            {
              "value": "Difficult",
              "weight": 4
            },
            {
              "value": "Hard",
              "weight": 2
            },
            {
              "value": "Challenging",
              "weight": 1
            }
          ]
        },
        { "_NAME": "Curses",
          "MIN_ROLLS": 1,
          "MAX_ROLLS": 1,
          "POOL": [
            {
              "value": "Hunger",
              "weight": 4
            },
            {
              "value": "Tired",
              "weight": 4
            },
            {
              "value": "Slowed",
              "weight": 4
            },
            {
              "value": "Weakened",
              "weight": 2
            },
            {
              "value": "Dummy",
              "weight": 160
            }
          ]
        },
        { "_NAME": "Time Effect",
          "MIN_ROLLS": 1,
          "MAX_ROLLS": 1,
          "POOL": [
            {
              "value": "Dummy",
              "weight": 40
            },
            {
              "value": "Fast",
              "weight": 2
            },
            {
              "value": "Rush",
              "weight": 1
            },
            {
              "value": "Optimistic",
              "weight": 3
            }
          ]
        },
        { "_NAME": "Chest Mods",
          "MIN_ROLLS": 1,
          "MAX_ROLLS": 1,
          "POOL": [
            {
              "value": "Dummy",
              "weight": 10
            },
            {
              "value": "Gilded",
              "weight": 1
            }
          ]
        },
        { "_NAME": "Trap Modifications",
          "MIN_ROLLS": 1,
          "MAX_ROLLS": 1,
          "POOL": [
            {
              "value": "Dummy",
              "weight": 40
            },
            {
              "value": "Safe Zone",
              "weight": 2
            },
            {
              "value": "Trapped",
              "weight": 1
            }
          ]
        },
        { "_NAME": "Scale Modifications",
          "MIN_ROLLS": 1,
          "MAX_ROLLS": 1,
          "POOL": [
            {
              "value": "Dummy",
              "weight": 40
            },
            {
              "value": "Daycare",
              "weight": 1
            },
            {
              "value": "Giant",
              "weight": 1
            }
          ]
        },
        { "_NAME": "Mob Buff Modifications",
          "MIN_ROLLS": 1,
          "MAX_ROLLS": 1,
          "POOL": [
            {
              "value": "Dummy",
              "weight": 40
            }
          ]
        },
        { "_NAME": "Boosts",
          "MIN_ROLLS": 1,
          "MAX_ROLLS": 1,
          "POOL": [
            {
              "value": "Speedy",
              "weight": 4
            },
            {
              "value": "Healing",
              "weight": 4
            },
            {
              "value": "Dummy",
              "weight": 20
            }
          ]
        },
        { "_NAME": "Exit Modifications",
          "MIN_ROLLS": 1,
          "MAX_ROLLS": 1,
          "POOL": [
            {
              "value": "Dummy",
              "weight": 10
            }
          ]
        }
      ]
    },
    { "MIN_LEVEL": 25,
      "DEFAULT_POOLS": [
        {  "_NAME": "Mob Pool",
          "MIN_ROLLS": 1,
          "MAX_ROLLS": 1,
          "POOL": [
            {
              "value": "Crowded",
              "weight": 21
            },
            {
              "value": "Dummy",
              "weight": 72
            },
            {
              "value": "Personal Space",
              "weight": 25
            },
            {
              "value": "Chaotic",
              "weight": 3
            },
            {
              "value": "Impossible",
              "weight": 1
            }
          ]
        },
        { "_NAME": "Luck Modifier",
          "MIN_ROLLS": 1,
          "MAX_ROLLS": 1,
          "POOL": [
            {
              "value": "Lucky",
              "weight": 1
            },
            {
              "value": "Unlucky",
              "weight": 1
            },
            {
              "value": "Dummy",
              "weight": 10
            }
          ]
        },
        { "_NAME": "Difficulty",
          "MIN_ROLLS": 1,
          "MAX_ROLLS": 1,
          "POOL": [
            {
              "value": "Trivial",
              "weight": 1
            },
            {
              "value": "Easy",
              "weight": 4
            },
            {
              "value": "Dummy",
              "weight": 60
            },
            {
              "value": "Difficult",
              "weight": 4
            },
            {
              "value": "Hard",
              "weight": 2
            },
            {
              "value": "Challenging",
              "weight": 1
            }
          ]
        },
        { "_NAME": "Curses",
          "MIN_ROLLS": 1,
          "MAX_ROLLS": 1,
          "POOL": [
            {
              "value": "Hunger",
              "weight": 4
            },
            {
              "value": "Tired",
              "weight": 4
            },
            {
              "value": "Slowed",
              "weight": 4
            },
            {
              "value": "Weakened",
              "weight": 2
            },
            {
              "value": "Dummy",
              "weight": 120
            }
          ]
        },
        { "_NAME": "Time Effect",
          "MIN_ROLLS": 1,
          "MAX_ROLLS": 1,
          "POOL": [
            {
              "value": "Dummy",
              "weight": 40
            },
            {
              "value": "Fast",
              "weight": 2
            },
            {
              "value": "Rush",
              "weight": 1
            },
            {
              "value": "Optimistic",
              "weight": 3
            }
          ]
        },
        { "_NAME": "Chest Mods",
          "MIN_ROLLS": 1,
          "MAX_ROLLS": 1,
          "POOL": [
            {
              "value": "Dummy",
              "weight": 10
            },
            {
              "value": "Gilded",
              "weight": 1
            }
          ]
        },
        { "_NAME": "Trap Modifications",
          "MIN_ROLLS": 1,
          "MAX_ROLLS": 1,
          "POOL": [
            {
              "value": "Dummy",
              "weight": 40
            },
            {
              "value": "Safe Zone",
              "weight": 2
            },
            {
              "value": "Trapped",
              "weight": 1
            }
          ]
        },
        { "_NAME": "Scale Modifications",
          "MIN_ROLLS": 1,
          "MAX_ROLLS": 1,
          "POOL": [
            {
              "value": "Dummy",
              "weight": 40
            },
            {
              "value": "Daycare",
              "weight": 1
            },
            {
              "value": "Giant",
              "weight": 1
            }
          ]
        },
        { "_NAME": "Mob Buff Modifications",
          "MIN_ROLLS": 1,
          "MAX_ROLLS": 1,
          "POOL": [
            {
              "value": "Dummy",
              "weight": 40
            },
            {
              "value": "Frenzy",
              "weight": 1
            }
          ]
        },
        { "_NAME": "Boosts",
          "MIN_ROLLS": 1,
          "MAX_ROLLS": 1,
          "POOL": [
            {
              "value": "Speedy",
              "weight": 4
            },
            {
              "value": "Healing",
              "weight": 4
            },
            {
              "value": "Stronk",
              "weight": 4
            },
            {
              "value": "Dummy",
              "weight": 30
            }
          ]
        },
        { "_NAME": "CatalystMods",
          "MIN_ROLLS": 1,
          "MAX_ROLLS": 1,
          "POOL": [
            {
              "value": "Prismatic",
              "weight": 1
            },
            {
              "value": "Dummy",
              "weight": 10
            }
          ]
        },
        { "_NAME": "Artifact",
          "MIN_ROLLS": 1,
          "MAX_ROLLS": 1,
          "POOL": [
            {
              "value": "Exploration",
              "weight": 1
            },
            {
              "value": "Dummy",
              "weight": 10
            }
          ]
        },
        { "_NAME": "OreMultipliers",
          "MIN_ROLLS": 1,
          "MAX_ROLLS": 1,
          "POOL": [
            {
              "value": "Plentiful",
              "weight": 1
            },
            {
              "value": "Dummy",
              "weight": 4
            }
          ]
        },
        { "_NAME": "Phoenix",
          "MIN_ROLLS": 1,
          "MAX_ROLLS": 1,
          "POOL": [
            {
              "value": "Phoenix",
              "weight": 1
            },
            {
              "value": "Dummy",
              "weight": 20
            }
          ]
        },
        { "_NAME": "Exit Modifications",
          "MIN_ROLLS": 1,
          "MAX_ROLLS": 1,
          "POOL": [
            {
              "value": "Dummy",
              "weight": 20
            }
          ]
        }
      ],
      "RAFFLE_POOLS": [
        {  "_NAME": "Mob Pool",
          "MIN_ROLLS": 1,
          "MAX_ROLLS": 1,
          "POOL": [
            {
              "value": "Crowded",
              "weight": 21
            },
            {
              "value": "Dummy",
              "weight": 96
            },
            {
              "value": "Personal Space",
              "weight": 25
            },
            {
              "value": "Chaotic",
              "weight": 3
            },
            {
              "value": "Impossible",
              "weight": 1
            }
          ]
        },
        { "_NAME": "Luck Modifier",
          "MIN_ROLLS": 1,
          "MAX_ROLLS": 1,
          "POOL": [
            {
              "value": "Lucky",
              "weight": 1
            },
            {
              "value": "Unlucky",
              "weight": 1
            },
            {
              "value": "Dummy",
              "weight": 10
            }
          ]
        },
        { "_NAME": "Difficulty",
          "MIN_ROLLS": 1,
          "MAX_ROLLS": 1,
          "POOL": [
            {
              "value": "Trivial",
              "weight": 1
            },
            {
              "value": "Easy",
              "weight": 4
            },
            {
              "value": "Dummy",
              "weight": 80
            },
            {
              "value": "Difficult",
              "weight": 4
            },
            {
              "value": "Hard",
              "weight": 2
            },
            {
              "value": "Challenging",
              "weight": 1
            }
          ]
        },
        { "_NAME": "Curses",
          "MIN_ROLLS": 1,
          "MAX_ROLLS": 1,
          "POOL": [
            {
              "value": "Hunger",
              "weight": 4
            },
            {
              "value": "Tired",
              "weight": 4
            },
            {
              "value": "Slowed",
              "weight": 4
            },
            {
              "value": "Weakened",
              "weight": 2
            },
            {
              "value": "Dummy",
              "weight": 160
            }
          ]
        },
        { "_NAME": "Time Effect",
          "MIN_ROLLS": 1,
          "MAX_ROLLS": 1,
          "POOL": [
            {
              "value": "Dummy",
              "weight": 40
            },
            {
              "value": "Fast",
              "weight": 2
            },
            {
              "value": "Rush",
              "weight": 1
            },
            {
              "value": "Optimistic",
              "weight": 3
            }
          ]
        },
        { "_NAME": "Chest Mods",
          "MIN_ROLLS": 1,
          "MAX_ROLLS": 1,
          "POOL": [
            {
              "value": "Dummy",
              "weight": 10
            },
            {
              "value": "Gilded",
              "weight": 1
            }
          ]
        },
        { "_NAME": "Trap Modifications",
          "MIN_ROLLS": 1,
          "MAX_ROLLS": 1,
          "POOL": [
            {
              "value": "Dummy",
              "weight": 40
            },
            {
              "value": "Safe Zone",
              "weight": 2
            },
            {
              "value": "Trapped",
              "weight": 1
            }
          ]
        },
        { "_NAME": "Scale Modifications",
          "MIN_ROLLS": 1,
          "MAX_ROLLS": 1,
          "POOL": [
            {
              "value": "Dummy",
              "weight": 40
            },
            {
              "value": "Daycare",
              "weight": 1
            },
            {
              "value": "Giant",
              "weight": 1
            }
          ]
        },
        { "_NAME": "Mob Buff Modifications",
          "MIN_ROLLS": 1,
          "MAX_ROLLS": 1,
          "POOL": [
            {
              "value": "Dummy",
              "weight": 40
            },
            {
              "value": "Frenzy",
              "weight": 1
            }
          ]
        },
        { "_NAME": "Boosts",
          "MIN_ROLLS": 1,
          "MAX_ROLLS": 1,
          "POOL": [
            {
              "value": "Speedy",
              "weight": 4
            },
            {
              "value": "Healing",
              "weight": 4
            },
            {
              "value": "Stronk",
              "weight": 4
            },
            {
              "value": "Dummy",
              "weight": 30
            }
          ]
        },
        { "_NAME": "CatalystMods",
          "MIN_ROLLS": 1,
          "MAX_ROLLS": 1,
          "POOL": [
            {
              "value": "Prismatic",
              "weight": 1
            },
            {
              "value": "Dummy",
              "weight": 20
            }
          ]
        },
        { "_NAME": "Artifact",
          "MIN_ROLLS": 1,
          "MAX_ROLLS": 1,
          "POOL": [
            {
              "value": "Exploration",
              "weight": 1
            },
            {
              "value": "Dummy",
              "weight": 40
            }
          ]
        },
        { "_NAME": "OreMultipliers",
          "MIN_ROLLS": 1,
          "MAX_ROLLS": 1,
          "POOL": [
            {
              "value": "Plentiful",
              "weight": 1
            },
            {
              "value": "Dummy",
              "weight": 20
            }
          ]
        },
        { "_NAME": "Exit Modifications",
          "MIN_ROLLS": 1,
          "MAX_ROLLS": 1,
          "POOL": [
            {
              "value": "Raffle",
              "weight": 10
            }
          ]
        }
      ]
    }
  ]
}