{
  "MAX_MOBS_MODIFIERS": [
    {
      "maxMobsAddend": -2,
      "name": "Silent",
      "icon": "the_vault:textures/gui/modifiers/silent.png",
      "color": "65535",
      "description": "Spawns 2 less mobs."
    },
    {
      "maxMobsAddend": -1,
      "name": "Lonely",
      "icon": "the_vault:textures/gui/modifiers/lonely.png",
      "color": "65535",
      "description": "Spawns 1 less mob."
    },
    {
      "maxMobsAddend": 1,
      "name": "Crowded",
      "icon": "the_vault:textures/gui/modifiers/crowded.png",
      "color": "65535",
      "description": "Spawns 1 more mob."
    },
    {
      "maxMobsAddend": 2,
      "name": "Chaotic",
      "icon": "the_vault:textures/gui/modifiers/chaotic.png",
      "color": "65535",
      "description": "Spawns 2 more mobs."
    }
  ],
  "TIMER_MODIFIERS": [
    {
      "timerAddend": -6000,
      "name": "Fast",
      "icon": "the_vault:textures/gui/modifiers/fast.png",
      "color": "65535",
      "description": "Removes 300 seconds from the clock."
    },
    {
      "timerAddend": -12000,
      "name": "Rush",
      "icon": "the_vault:textures/gui/modifiers/rush.png",
      "color": "65535",
      "description": "Removes 600 seconds from the clock."
    }
  ],
  "LEVEL_MODIFIERS": [
    {
      "levelAddend": -5,
      "name": "Easy",
      "icon": "the_vault:textures/gui/modifiers/easy.png",
      "color": "65535",
      "description": "Pushes the vault 5 levels lower."
    },
    {
      "levelAddend": 5,
      "name": "Hard",
      "icon": "the_vault:textures/gui/modifiers/hard.png",
      "color": "65535",
      "description": "Pushes the vault 5 levels higher."
    }
  ],
  "EFFECT_MODIFIERS": [
    {
      "effect": "minecraft:luck",
      "value": 1,
      "operator": "ADD",
      "type": "icon_only",
      "name": "Treasure",
      "icon": "the_vault:textures/gui/modifiers/treasure.png",
      "color": "65535",
      "description": "Adds 1 to the current luck amplifier."
    },
    {
      "effect": "minecraft:unluck",
      "value": 1,
      "operator": "ADD",
      "type": "icon_only",
      "name": "Unlucky",
      "icon": "the_vault:textures/gui/modifiers/unlucky.png",
      "color": "65535",
      "description": "Adds 1 to the current unluck amplifier."
    }
  ],
  "NO_EXIT_MODIFIERS": [
    {
      "name": "Raffle",
      "icon": "the_vault:textures/gui/modifiers/no_exit.png",
      "color": "65535",
      "description": "F"
    },
    {
      "name": "Locked",
      "icon": "the_vault:textures/gui/modifiers/no_exit.png",
      "color": "65535",
      "description": "F"
    }
  ],
  "LEVELS": [
    {
      "MIN_LEVEL": 5,
      "DEFAULT_POOLS": {
        "COMMON": [
          {
            "MIN_ROLLS": 2,
            "MAX_ROLLS": 2,
            "POOL": [
              {
                "value": "Silent",
                "weight": 1
              },
              {
                "value": "Lonely",
                "weight": 1
              },
              {
                "value": "Crowded",
                "weight": 1
              },
              {
                "value": "Chaos",
                "weight": 1
              },
              {
                "value": "Fast",
                "weight": 1
              },
              {
                "value": "Rush",
                "weight": 1
              },
              {
                "value": "Easy",
                "weight": 1
              },
              {
                "value": "Hard",
                "weight": 1
              },
              {
                "value": "Treasure",
                "weight": 1
              },
              {
                "value": "Unlucky",
                "weight": 1
              }
            ]
          },
          {
            "MIN_ROLLS": 1,
            "MAX_ROLLS": 1,
            "POOL": [
              {
                "value": "Locked",
                "weight": 1
              },
              {
                "value": "Dummy",
                "weight": 3
              }
            ]
          }
        ],
        "RARE": [
          {
            "MIN_ROLLS": 2,
            "MAX_ROLLS": 2,
            "POOL": [
              {
                "value": "Silent",
                "weight": 1
              },
              {
                "value": "Lonely",
                "weight": 1
              },
              {
                "value": "Crowded",
                "weight": 1
              },
              {
                "value": "Chaos",
                "weight": 1
              },
              {
                "value": "Fast",
                "weight": 1
              },
              {
                "value": "Rush",
                "weight": 1
              },
              {
                "value": "Easy",
                "weight": 1
              },
              {
                "value": "Hard",
                "weight": 1
              },
              {
                "value": "Treasure",
                "weight": 1
              },
              {
                "value": "Unlucky",
                "weight": 1
              }
            ]
          },
          {
            "MIN_ROLLS": 1,
            "MAX_ROLLS": 1,
            "POOL": [
              {
                "value": "Locked",
                "weight": 1
              },
              {
                "value": "Dummy",
                "weight": 3
              }
            ]
          }
        ],
        "EPIC": [
          {
            "MIN_ROLLS": 2,
            "MAX_ROLLS": 2,
            "POOL": [
              {
                "value": "Crowded",
                "weight": 1
              },
              {
                "value": "Chaos",
                "weight": 1
              },
              {
                "value": "Fast",
                "weight": 1
              },
              {
                "value": "Rush",
                "weight": 1
              },
              {
                "value": "Easy",
                "weight": 1
              },
              {
                "value": "Hard",
                "weight": 1
              },
              {
                "value": "Treasure",
                "weight": 1
              },
              {
                "value": "Unlucky",
                "weight": 1
              }
            ]
          },
          {
            "MIN_ROLLS": 1,
            "MAX_ROLLS": 1,
            "POOL": [
              {
                "value": "Locked",
                "weight": 1
              },
              {
                "value": "Dummy",
                "weight": 3
              }
            ]
          }
        ],
        "OMEGA": [
          {
            "MIN_ROLLS": 2,
            "MAX_ROLLS": 2,
            "POOL": [
              {
                "value": "Crowded",
                "weight": 1
              },
              {
                "value": "Chaos",
                "weight": 1
              },
              {
                "value": "Fast",
                "weight": 1
              },
              {
                "value": "Rush",
                "weight": 1
              },
              {
                "value": "Easy",
                "weight": 1
              },
              {
                "value": "Hard",
                "weight": 1
              },
              {
                "value": "Treasure",
                "weight": 1
              },
              {
                "value": "Unlucky",
                "weight": 1
              }
            ]
          },
          {
            "MIN_ROLLS": 1,
            "MAX_ROLLS": 1,
            "POOL": [
              {
                "value": "Locked",
                "weight": 1
              },
              {
                "value": "Dummy",
                "weight": 3
              }
            ]
          }
        ]
      },
      "RAFFLE_POOLS": {
        "COMMON": [
          {
            "MIN_ROLLS": 2,
            "MAX_ROLLS": 2,
            "POOL": [
              {
                "value": "Silent",
                "weight": 1
              },
              {
                "value": "Lonely",
                "weight": 1
              },
              {
                "value": "Crowded",
                "weight": 1
              },
              {
                "value": "Chaos",
                "weight": 1
              },
              {
                "value": "Fast",
                "weight": 1
              },
              {
                "value": "Rush",
                "weight": 1
              },
              {
                "value": "Easy",
                "weight": 1
              },
              {
                "value": "Hard",
                "weight": 1
              },
              {
                "value": "Treasure",
                "weight": 1
              },
              {
                "value": "Unlucky",
                "weight": 1
              }
            ]
          },
          {
            "MIN_ROLLS": 1,
            "MAX_ROLLS": 1,
            "POOL": [
              {
                "value": "Raffle",
                "weight": 1
              }
            ]
          }
        ],
        "RARE": [
          {
            "MIN_ROLLS": 2,
            "MAX_ROLLS": 2,
            "POOL": [
              {
                "value": "Silent",
                "weight": 1
              },
              {
                "value": "Lonely",
                "weight": 1
              },
              {
                "value": "Crowded",
                "weight": 1
              },
              {
                "value": "Chaos",
                "weight": 1
              },
              {
                "value": "Fast",
                "weight": 1
              },
              {
                "value": "Rush",
                "weight": 1
              },
              {
                "value": "Easy",
                "weight": 1
              },
              {
                "value": "Hard",
                "weight": 1
              },
              {
                "value": "Treasure",
                "weight": 1
              },
              {
                "value": "Unlucky",
                "weight": 1
              }
            ]
          },
          {
            "MIN_ROLLS": 1,
            "MAX_ROLLS": 1,
            "POOL": [
              {
                "value": "Raffle",
                "weight": 1
              }
            ]
          }
        ],
        "EPIC": [
          {
            "MIN_ROLLS": 2,
            "MAX_ROLLS": 2,
            "POOL": [
              {
                "value": "Crowded",
                "weight": 1
              },
              {
                "value": "Chaos",
                "weight": 1
              },
              {
                "value": "Fast",
                "weight": 1
              },
              {
                "value": "Rush",
                "weight": 1
              },
              {
                "value": "Easy",
                "weight": 1
              },
              {
                "value": "Hard",
                "weight": 1
              },
              {
                "value": "Treasure",
                "weight": 1
              },
              {
                "value": "Unlucky",
                "weight": 1
              }
            ]
          },
          {
            "MIN_ROLLS": 1,
            "MAX_ROLLS": 1,
            "POOL": [
              {
                "value": "Raffle",
                "weight": 1
              }
            ]
          }
        ],
        "OMEGA": [
          {
            "MIN_ROLLS": 2,
            "MAX_ROLLS": 2,
            "POOL": [
              {
                "value": "Crowded",
                "weight": 1
              },
              {
                "value": "Chaos",
                "weight": 1
              },
              {
                "value": "Fast",
                "weight": 1
              },
              {
                "value": "Rush",
                "weight": 1
              },
              {
                "value": "Easy",
                "weight": 1
              },
              {
                "value": "Hard",
                "weight": 1
              },
              {
                "value": "Treasure",
                "weight": 1
              },
              {
                "value": "Unlucky",
                "weight": 1
              }
            ]
          },
          {
            "MIN_ROLLS": 1,
            "MAX_ROLLS": 1,
            "POOL": [
              {
                "value": "Raffle",
                "weight": 1
              }
            ]
          }
        ]
      }
    }
  ]
}