{
  "ORES_PER_VAULT": 2,
  "ORES": [
    {
      "NAME": "the_vault:ore_alexandrite",
      "TRIES": 64,
      "SIZE": 3,
      "WEIGHT": 1
    },
    {
      "NAME": "the_vault:ore_benitoite",
      "TRIES": 64,
      "SIZE": 3,
      "WEIGHT": 1
    },
    {
      "NAME": "the_vault:ore_larimar",
      "TRIES": 64,
      "SIZE": 3,
      "WEIGHT": 1
    },
    {
      "NAME": "the_vault:ore_black_opal",
      "TRIES": 64,
      "SIZE": 3,
      "WEIGHT": 1
    },
    {
      "NAME": "the_vault:ore_painite",
      "TRIES": 64,
      "SIZE": 3,
      "WEIGHT": 1
    },
    {
      "NAME": "the_vault:ore_iskallium",
      "TRIES": 64,
      "SIZE": 3,
      "WEIGHT": 1
    },
    {
      "NAME": "the_vault:ore_renium",
      "TRIES": 64,
      "SIZE": 3,
      "WEIGHT": 1
    },
    {
      "NAME": "the_vault:ore_gorginite",
      "TRIES": 64,
      "SIZE": 3,
      "WEIGHT": 1
    },
    {
      "NAME": "the_vault:ore_sparkletine",
      "TRIES": 64,
      "SIZE": 3,
      "WEIGHT": 1
    },
    {
      "NAME": "the_vault:ore_wutodie",
      "TRIES": 64,
      "SIZE": 3,
      "WEIGHT": 1
    }
  ]
}