{
  "LEVEL_OVERRIDES": [
    {
      "MIN_LEVEL": 5,
      "MOB_LOOT": {
        "mainhand": [
          {
            "value": "minecraft:wooden_sword",
            "weight": 1
          },
          {
            "value": "minecraft:stone_sword",
            "weight": 2
          }
        ],
        "offhand": [
          {
            "value": "minecraft:wooden_sword",
            "weight": 1
          },
          {
            "value": "minecraft:stone_sword",
            "weight": 2
          }
        ]
      },
      "BOSS_LOOT": {
        "mainhand": [
          {
            "value": "minecraft:stone_sword",
            "weight": 1
          },
          {
            "value": "minecraft:golden_sword",
            "weight": 2
          }
        ],
        "offhand": [
          {
            "value": "minecraft:stone_sword",
            "weight": 1
          },
          {
            "value": "minecraft:golden_sword",
            "weight": 2
          }
        ]
      },
      "RAFFLE_BOSS_LOOT": {
        "mainhand": [
          {
            "value": "minecraft:diamond_sword",
            "weight": 1
          }
        ],
        "offhand": [
          {
            "value": "minecraft:diamond_sword",
            "weight": 1
          }
        ]
      },
      "MOB_POOL": [
        {
          "value": {
            "NAME": "minecraft:zombie",
            "ATTRIBUTES": [
              {
                "NAME": "the_vault:generic.crit_chance",
                "MIN": 1.0,
                "MAX": 1.0,
                "OPERATOR": "set",
                "ROLL_CHANCE": 1.0
              },
              {
                "NAME": "the_vault:generic.crit_multiplier",
                "MIN": 5.0,
                "MAX": 5.0,
                "OPERATOR": "set",
                "ROLL_CHANCE": 1.0
              },
              {
                "NAME": "minecraft:generic.max_health",
                "MIN": 20.0,
                "MAX": 20.0,
                "OPERATOR": "set",
                "ROLL_CHANCE": 1.0
              }
            ]
          },
          "weight": 1
        }
      ],
      "BOSS_POOL": [
        {
          "value": {
            "NAME": "the_vault:robot",
            "ATTRIBUTES": [
              {
                "NAME": "the_vault:generic.tp_chance",
                "MIN": 0.5,
                "MAX": 0.5,
                "OPERATOR": "set",
                "ROLL_CHANCE": 1.0
              },
              {
                "NAME": "the_vault:generic.tp_range",
                "MIN": 32.0,
                "MAX": 32.0,
                "OPERATOR": "set",
                "ROLL_CHANCE": 1.0
              }
            ]
          },
          "weight": 1
        }
      ],
      "RAFFLE_BOSS_POOL": [
        {
          "value": {
            "NAME": "the_vault:arena_boss",
            "ATTRIBUTES": [
              {
                "NAME": "the_vault:generic.tp_chance",
                "MIN": 0.5,
                "MAX": 0.5,
                "OPERATOR": "set",
                "ROLL_CHANCE": 1.0
              },
              {
                "NAME": "the_vault:generic.tp_range",
                "MIN": 32.0,
                "MAX": 32.0,
                "OPERATOR": "set",
                "ROLL_CHANCE": 1.0
              }
            ]
          },
          "weight": 1
        }
      ],
      "MOB_MISC": {
        "ENCH_LEVEL": 3,
        "ENCH_TRIALS": 1,
        "MAX_MOBS": 3
      },
      "BOSS_MISC": {
        "ENCH_LEVEL": 3,
        "ENCH_TRIALS": 1
      },
      "RAFFLE_BOSS_MISC": {
        "ENCH_LEVEL": 3,
        "ENCH_TRIALS": 1
      }
    }
  ]
}