{
  "itemEffects": [
    {
      "itemId": "the_vault:jade_apple",
      "absorption": true,
      "absorptionAmount": 4.0,
      "effects": [
        {
          "effectId": "minecraft:haste",
          "amplifier": 3,
          "duration": 6000,
          "ambient": false,
          "showParticles": false,
          "showIcon": true
        }
      ]
    },
    {
      "itemId": "the_vault:cobalt_apple",
      "absorption": true,
      "absorptionAmount": 0.0,
      "effects": [
        {
          "effectId": "minecraft:fire_resistance",
          "amplifier": 1,
          "duration": 6000,
          "ambient": false,
          "showParticles": false,
          "showIcon": true
        },
        {
          "effectId": "botania:feather_feet",
          "amplifier": 1,
          "duration": 6000,
          "ambient": false,
          "showParticles": false,
          "showIcon": true
        }
      ]
    },
    {
      "itemId": "the_vault:pixie_apple",
      "absorption": true,
      "absorptionAmount": 8.0,
      "effects": [
        {
          "effectId": "minecraft:speed",
          "amplifier": 5,
          "duration": 600,
          "ambient": false,
          "showParticles": false,
          "showIcon": true
        },
        {
          "effectId": "minecraft:slow_falling",
          "amplifier": 2,
          "duration": 600,
          "ambient": false,
          "showParticles": false,
          "showIcon": true
        },
        {
          "effectId": "minecraft:jump_boost",
          "amplifier": 2,
          "duration": 600,
          "ambient": false,
          "showParticles": false,
          "showIcon": true
        }
      ]
    },
    {
      "itemId": "the_vault:candy_bar",
      "absorption": false,
      "absorptionAmount": 0.0,
      "effects": [
        {
          "effectId": "minecraft:speed",
          "amplifier": 5,
          "duration": 1200,
          "ambient": false,
          "showParticles": false,
          "showIcon": true
        }
      ]
    },
    {
      "itemId": "the_vault:power_bar",
      "absorption": false,
      "absorptionAmount": 0.0,
      "effects": [
        {
          "effectId": "minecraft:strength",
          "amplifier": 4,
          "duration": 600,
          "ambient": false,
          "showParticles": false,
          "showIcon": true
        }
      ]
    }
  ],
  "descriptions": {
    "the_vault:candy_bar": [
      "Sugar Rush!",
      " ",
      "Gives you Speed 5",
      "for 60 seconds."
    ],
    "the_vault:cobalt_apple": [
      "No Fear!",
      " ",
      "Fire Resistance 1 ",
      "negates fall damage for 5 minutes."
    ],
    "the_vault:power_bar": [
      "Pumping Iron!",
      " ",
      "Gives you Strength 4",
      "for 30 seconds."
    ],
    "the_vault:jade_apple": [
      "Mine Pro!",
      " ",
      "Gives you 2 extra hearts ",
      "temporarily..",
      " ",
      "Haste 3 for 5 minute."
    ],
    "the_vault:pixie_apple": [
      "Wannabe Flier!",
      " ",
      "Gives you 4 extra hearts ",
      "temporarily..",
      " ",
      "Speed 5 and",
      "Jump Boost 2 for 30 seconds."
    ]
  }
}