{
  "itemEffects": [
    {
      "itemId": "the_vault:jade_apple",
      "absorption": true,
      "absorptionAmount": 0.0,
      "effects": [
        {
          "effectId": "minecraft:haste",
          "amplifier": 3,
          "duration": 2400,
          "ambient": false,
          "showParticles": false,
          "showIcon": true
        }
      ],
      "type": "basic"
    },
    {
      "itemId": "the_vault:cobalt_apple",
      "absorption": true,
      "absorptionAmount": 0.0,
      "effects": [
        {
          "effectId": "minecraft:fire_resistance",
          "amplifier": 1,
          "duration": 2400,
          "ambient": false,
          "showParticles": false,
          "showIcon": true
        },
        {
          "effectId": "botania:feather_feet",
          "amplifier": 1,
          "duration": 2400,
          "ambient": false,
          "showParticles": false,
          "showIcon": true
        }
      ],
      "type": "basic"
    },
    {
      "itemId": "the_vault:pixie_apple",
      "absorption": true,
      "absorptionAmount": 0.0,
      "effects": [
        {
          "effectId": "minecraft:slow_falling",
          "amplifier": 2,
          "duration": 2400,
          "ambient": false,
          "showParticles": false,
          "showIcon": true
        },
        {
          "effectId": "minecraft:jump_boost",
          "amplifier": 2,
          "duration": 2400,
          "ambient": false,
          "showParticles": false,
          "showIcon": true
        }
      ],
      "type": "basic"
    },
    {
      "itemId": "the_vault:candy_bar",
      "absorption": false,
      "absorptionAmount": 0.0,
      "effects": [
        {
          "effectId": "minecraft:speed",
          "amplifier": 5,
          "duration": 600,
          "ambient": false,
          "showParticles": false,
          "showIcon": true
        }
      ],
      "type": "basic"
    },
    {
      "itemId": "the_vault:power_bar",
      "absorption": false,
      "absorptionAmount": 0.0,
      "effects": [
        {
          "effectId": "minecraft:strength",
          "amplifier": 4,
          "duration": 600,
          "ambient": false,
          "showParticles": false,
          "showIcon": true
        }
      ],
      "type": "basic"
    },
    {
      "itemId": "the_vault:lucky_apple",
      "absorption": false,
      "absorptionAmount": 0.0,
      "effects": [
        {
          "effectId": "minecraft:luck",
          "amplifier": 1,
          "duration": 600,
          "ambient": false,
          "showParticles": false,
          "showIcon": true
        }
      ],
      "type": "powerup"
    },
    {
      "itemId": "the_vault:treasure_apple",
      "absorption": false,
      "absorptionAmount": 0.0,
      "effects": [
        {
          "effectId": "minecraft:luck",
          "amplifier": 5,
          "duration": 300,
          "ambient": false,
          "showParticles": false,
          "showIcon": true
        }
      ],
      "type": "powerup"
    },
    {
      "itemId": "the_vault:power_apple",
      "absorption": false,
      "absorptionAmount": 0.0,
      "effects": [
        {
          "effectId": "minecraft:strength",
          "amplifier": 2,
          "duration": 2400,
          "ambient": false,
          "showParticles": false,
          "showIcon": true
        }
      ],
      "type": "powerup"
    },
    {
      "itemId": "the_vault:ghost_apple",
      "absorption": false,
      "absorptionAmount": 0.0,
      "effects": [
        {
          "effectId": "the_vault:parry",
          "amplifier": 15,
          "duration": 2400,
          "ambient": false,
          "showParticles": false,
          "showIcon": true
        }
      ],
      "type": "powerup"
    },
    {
      "itemId": "the_vault:golem_apple",
      "absorption": false,
      "absorptionAmount": 0.0,
      "effects": [
        {
          "effectId": "the_vault:resistance",
          "amplifier": 10,
          "duration": 2400,
          "ambient": false,
          "showParticles": false,
          "showIcon": true
        }
      ],
      "type": "powerup"
    },
    {
      "itemId": "the_vault:sweet_apple",
      "absorption": false,
      "absorptionAmount": 0.0,
      "effects": [
        {
          "effectId": "minecraft:speed",
          "amplifier": 2,
          "duration": 2400,
          "ambient": false,
          "showParticles": false,
          "showIcon": true
        }
      ],
      "type": "powerup"
    },
    {
      "itemId": "the_vault:hearty_apple",
      "absorption": true,
      "absorptionAmount": 2.0,
      "effects": [],
      "type": "powerup"
    }
  ],
  "descriptions": {
    "the_vault:candy_bar": [
      "Gives you Speed 5 for 30 seconds"
    ],
    "the_vault:lucky_apple": [
      "Vault Powerup!",
      "Gives you +1 Luck for 30 seconds"
    ],
    "the_vault:cobalt_apple": [
      "Gives you Fire Immunity and negates any fall damage for 2 minutes"
    ],
    "the_vault:golem_apple": [
      "Vault Powerup!",
      "Gives you +10% resistance for 2 minutes"
    ],
    "the_vault:power_bar": [
      "Gives you Strength 4 for 30 seconds"
    ],
    "the_vault:sweet_apple": [
      "Vault Powerup!",
      "Gives you +2 Speed for 2 minutes"
    ],
    "the_vault:power_apple": [
      "Vault Powerup!",
      "Gives you +2 Strength for 2 minutes"
    ],
    "the_vault:jade_apple": [
      "Gives you Haste 3 for 2 minutes"
    ],
    "the_vault:treasure_apple": [
      "Vault Powerup!",
      "Gives you +5 Luck for 15 seconds",
      " ",
      "Looter Boi reporting for looting?"

    ],
    "the_vault:pixie_apple": [
      "Gives you Speed 5, Jump 2 and Slow Falling for 2 minutes"
    ],
    "the_vault:ghost_apple": [
      "Vault Powerup!",
      "Gives you +15% Parry for 2 minutes"
    ],
    "the_vault:hearty_apple": [
      "Gives you +1 temporary heart"
    ]
  }
}