{
  "RECIPES": [
    {
      "KEY_ITEM": {
        "ITEM": "the_vault:blank_key",
        "NBT": ""
      },
      "CLUSTER_ITEM": {
        "ITEM": "the_vault:cluster_sparkletine",
        "NBT": ""
      },
      "RESULT_ITEM": {
        "ITEM": "the_vault:key_sparkletine",
        "AMOUNT": 1,
        "NBT": ""
      }
    },
	{
      "KEY_ITEM": {
        "ITEM": "the_vault:blank_key",
        "NBT": ""
      },
      "CLUSTER_ITEM": {
        "ITEM": "the_vault:cluster_benitoite",
        "NBT": ""
      },
      "RESULT_ITEM": {
        "ITEM": "the_vault:key_benitoite",
        "AMOUNT": 1,
        "NBT": ""
      }
    },
	{
      "KEY_ITEM": {
        "ITEM": "the_vault:blank_key",
        "NBT": ""
      },
      "CLUSTER_ITEM": {
        "ITEM": "the_vault:cluster_puffium",
        "NBT": ""
      },
      "RESULT_ITEM": {
        "ITEM": "the_vault:key_puffium",
        "AMOUNT": 1,
        "NBT": ""
      }
    },
	{
      "KEY_ITEM": {
        "ITEM": "the_vault:blank_key",
        "NBT": ""
      },
      "CLUSTER_ITEM": {
        "ITEM": "the_vault:cluster_upaline",
        "NBT": ""
      },
      "RESULT_ITEM": {
        "ITEM": "the_vault:key_upaline",
        "AMOUNT": 1,
        "NBT": ""
      }
    },
	{
      "KEY_ITEM": {
        "ITEM": "the_vault:blank_key",
        "NBT": ""
      },
      "CLUSTER_ITEM": {
        "ITEM": "the_vault:cluster_iskallium",
        "NBT": ""
      },
      "RESULT_ITEM": {
        "ITEM": "the_vault:key_iskallium",
        "AMOUNT": 1,
        "NBT": ""
      }
    },
	{
      "KEY_ITEM": {
        "ITEM": "the_vault:blank_key",
        "NBT": ""
      },
      "CLUSTER_ITEM": {
        "ITEM": "the_vault:cluster_tubium",
        "NBT": ""
      },
      "RESULT_ITEM": {
        "ITEM": "the_vault:key_tubium",
        "AMOUNT": 1,
        "NBT": ""
      }
    },
	{
      "KEY_ITEM": {
        "ITEM": "the_vault:blank_key",
        "NBT": ""
      },
      "CLUSTER_ITEM": {
        "ITEM": "the_vault:cluster_gorginite",
        "NBT": ""
      },
      "RESULT_ITEM": {
        "ITEM": "the_vault:key_gorginite",
        "AMOUNT": 1,
        "NBT": ""
      }
    },
	{
      "KEY_ITEM": {
        "ITEM": "the_vault:blank_key",
        "NBT": ""
      },
      "CLUSTER_ITEM": {
        "ITEM": "the_vault:cluster_funsoide",
        "NBT": ""
      },
      "RESULT_ITEM": {
        "ITEM": "the_vault:key_funsoide",
        "AMOUNT": 1,
        "NBT": ""
      }
    },
	{
      "KEY_ITEM": {
        "ITEM": "the_vault:blank_key",
        "NBT": ""
      },
      "CLUSTER_ITEM": {
        "ITEM": "the_vault:cluster_bomignite",
        "NBT": ""
      },
      "RESULT_ITEM": {
        "ITEM": "the_vault:key_bomignite",
        "AMOUNT": 1,
        "NBT": ""
      }
    },
	  {
      "KEY_ITEM": {
        "ITEM": "the_vault:blank_key",
        "NBT": ""
      },
      "CLUSTER_ITEM": {
        "ITEM": "the_vault:cluster_ashium",
        "NBT": ""
      },
      "RESULT_ITEM": {
        "ITEM": "the_vault:key_ashium",
        "AMOUNT": 1,
        "NBT": ""
      }
    }
  ]
}