{
  "ENHANCEMENT_WEIGHTS": [
    {
      "value": "the_vault:auto_smelt",
      "weight": 10
    },
    {
      "value": "the_vault:fortunate",
      "weight": 1
    },
    {
      "value": "the_vault:sturdy",
      "weight": 1
    },
    {
      "value": "the_vault:hammer",
      "weight": 6
    },
    {
      "value": "the_vault:rush_2",
      "weight": 4
    },
    {
      "value": "the_vault:speedy",
      "weight": 8
    },
    {
      "value": "the_vault:fragile",
      "weight": 10
    },
    {
      "value": "the_vault:rush",
      "weight": 8
    },
    {
      "value": "the_vault:destructive",
      "weight": 4
    }
  ]
}