{
  "HASTE": {
    "name": "Haste",
    "levels": [
      {
        "effect": "minecraft:haste",
        "amplifier": 0,
        "type": "hidden",
        "operator": "set",
        "cost": 2,
        "levelRequirement": 0
      },
      {
        "effect": "minecraft:haste",
        "amplifier": 1,
        "type": "hidden",
        "operator": "set",
        "cost": 2,
        "levelRequirement": 0
      },
      {
        "effect": "minecraft:haste",
        "amplifier": 2,
        "type": "hidden",
        "operator": "set",
        "cost": 5,
        "levelRequirement": 50
      },
      {
        "effect": "minecraft:haste",
        "amplifier": 3,
        "type": "hidden",
        "operator": "set",
        "cost": 10,
        "levelRequirement": 150
      },
      {
        "effect": "minecraft:haste",
        "amplifier": 4,
        "type": "hidden",
        "operator": "set",
        "cost": 15,
        "levelRequirement": 250
      }
    ]
  },
  "RESISTANCE": {
    "name": "Resistance",
    "levels": [
      {
        "additionalResistanceLimit": 0.05,
        "cost": 4,
        "levelRequirement": 25
      },
      {
        "additionalResistanceLimit": 0.1,
        "cost": 5,
        "levelRequirement": 25
      },
      {
        "additionalResistanceLimit": 0.15,
        "cost": 6,
        "levelRequirement": 150
      },
      {
        "additionalResistanceLimit": 0.2,
        "cost": 6,
        "levelRequirement": 200
      }
    ]
  },
  "STRENGTH": {
    "name": "Strength",
    "levels": [
      {
        "effect": "minecraft:strength",
        "amplifier": 0,
        "type": "hidden",
        "operator": "set",
        "cost": 2,
        "levelRequirement": 25
      },
      {
        "effect": "minecraft:strength",
        "amplifier": 1,
        "type": "hidden",
        "operator": "set",
        "cost": 3,
        "levelRequirement": 40
      },
      {
        "effect": "minecraft:strength",
        "amplifier": 2,
        "type": "hidden",
        "operator": "set",
        "cost": 5,
        "levelRequirement": 65
      },
      {
        "effect": "minecraft:strength",
        "amplifier": 3,
        "type": "hidden",
        "operator": "set",
        "cost": 5,
        "levelRequirement": 90
      },
      {
        "effect": "minecraft:strength",
        "amplifier": 4,
        "type": "hidden",
        "operator": "set",
        "cost": 6,
        "levelRequirement": 100
      },
      {
        "effect": "minecraft:strength",
        "amplifier": 5,
        "type": "hidden",
        "operator": "set",
        "cost": 6,
        "levelRequirement": 125
      },
      {
        "effect": "minecraft:strength",
        "amplifier": 6,
        "type": "hidden",
        "operator": "set",
        "cost": 7,
        "levelRequirement": 140
      },
      {
        "effect": "minecraft:strength",
        "amplifier": 7,
        "type": "hidden",
        "operator": "set",
        "cost": 8,
        "levelRequirement": 175
      },
      {
        "effect": "minecraft:strength",
        "amplifier": 8,
        "type": "hidden",
        "operator": "set",
        "cost": 9,
        "levelRequirement": 200
      },
      {
        "effect": "minecraft:strength",
        "amplifier": 9,
        "type": "hidden",
        "operator": "set",
        "cost": 10,
        "levelRequirement": 250
      }
    ]
  },
  "FIRE_RESISTANCE": {
    "name": "Fire Resistance",
    "levels": [
      {
        "effect": "minecraft:fire_resistance",
        "amplifier": 0,
        "type": "hidden",
        "operator": "set",
        "cost": 5,
        "levelRequirement": 10
      }
    ]
  },
  "SPEED": {
    "name": "Speed",
    "levels": [
      {
        "effect": "minecraft:speed",
        "amplifier": 0,
        "type": "hidden",
        "operator": "set",
        "cost": 1,
        "levelRequirement": 0
      },
      {
        "effect": "minecraft:speed",
        "amplifier": 1,
        "type": "hidden",
        "operator": "set",
        "cost": 4,
        "levelRequirement": 25
      },
      {
        "effect": "minecraft:speed",
        "amplifier": 2,
        "type": "hidden",
        "operator": "set",
        "cost": 4,
        "levelRequirement": 50
      },
      {
        "effect": "minecraft:speed",
        "amplifier": 3,
        "type": "hidden",
        "operator": "set",
        "cost": 5,
        "levelRequirement": 100
      },
      {
        "effect": "minecraft:speed",
        "amplifier": 4,
        "type": "hidden",
        "operator": "set",
        "cost": 5,
        "levelRequirement": 150
      }
    ]
  },
  "WATER_BREATHING": {
    "name": "Water Breathing",
    "levels": [
      {
        "effect": "minecraft:water_breathing",
        "amplifier": 0,
        "type": "hidden",
        "operator": "set",
        "cost": 2,
        "levelRequirement": 0
      }
    ]
  },
  "WELL_FIT": {
    "name": "Well Fit",
    "levels": [
      {
        "attribute": "minecraft:generic.max_health",
        "modifier": {
          "id": "61826bc2-0a82-4485-9b9a-ff056de064cc",
          "name": "Extra Health I",
          "amount": 2.0,
          "operation": 0
        },
        "cost": 1,
        "levelRequirement": 0
      },
      {
        "attribute": "minecraft:generic.max_health",
        "modifier": {
          "id": "e9aa9deb-723b-46b8-9f60-ffdc8aa4988b",
          "name": "Extra Health II",
          "amount": 4.0,
          "operation": 0
        },
        "cost": 1,
        "levelRequirement": 0
      },
      {
        "attribute": "minecraft:generic.max_health",
        "modifier": {
          "id": "9d340fb4-14c2-47eb-a0c3-4b8ded27ee97",
          "name": "Extra Health III",
          "amount": 6.0,
          "operation": 0
        },
        "cost": 1,
        "levelRequirement": 5
      },
      {
        "attribute": "minecraft:generic.max_health",
        "modifier": {
          "id": "e8a26e45-8d7b-41d6-8087-c4f89740a5be",
          "name": "Extra Health IV",
          "amount": 8.0,
          "operation": 0
        },
        "cost": 1,
        "levelRequirement": 5
      },
      {
        "attribute": "minecraft:generic.max_health",
        "modifier": {
          "id": "6091b7d1-1245-4124-8f24-b84c462a4eb1",
          "name": "Extra Health V",
          "amount": 10.0,
          "operation": 0
        },
        "cost": 2,
        "levelRequirement": 15
      },
      {
        "attribute": "minecraft:generic.max_health",
        "modifier": {
          "id": "d9e9602c-4577-48fc-997d-aff6e4bfc878",
          "name": "Extra Health VI",
          "amount": 12.0,
          "operation": 0
        },
        "cost": 2,
        "levelRequirement": 15
      },
      {
        "attribute": "minecraft:generic.max_health",
        "modifier": {
          "id": "744e1520-b2f7-4dfe-af47-53291704fee3",
          "name": "Extra Health VII",
          "amount": 14.0,
          "operation": 0
        },
        "cost": 2,
        "levelRequirement": 25
      },
      {
        "attribute": "minecraft:generic.max_health",
        "modifier": {
          "id": "3766cefb-4860-4fd1-b672-dd82c3caa118",
          "name": "Extra Health VIII",
          "amount": 16.0,
          "operation": 0
        },
        "cost": 2,
        "levelRequirement": 25
      },
      {
        "attribute": "minecraft:generic.max_health",
        "modifier": {
          "id": "e8ae2c20-03bd-4a96-a9b9-3f0dfd179417",
          "name": "Extra Health IX",
          "amount": 18.0,
          "operation": 0
        },
        "cost": 2,
        "levelRequirement": 25
      },
      {
        "attribute": "minecraft:generic.max_health",
        "modifier": {
          "id": "606e7e42-af81-46e3-9390-4a0b14a583a7",
          "name": "Extra Health X",
          "amount": 20.0,
          "operation": 0
        },
        "cost": 3,
        "levelRequirement": 25
      }
    ]
  },
  "REACH": {
    "name": "Reach",
    "levels": [
      {
        "attribute": "forge:reach_distance",
        "modifier": {
          "id": "70416073-a7c2-407b-8db7-94b3f7aca8df",
          "name": "Maximum Reach I",
          "amount": 1.0,
          "operation": 0
        },
        "cost": 1,
        "levelRequirement": 0
      },
      {
        "attribute": "forge:reach_distance",
        "modifier": {
          "id": "495bbef2-11e7-4bd9-b02c-f441efa7c646",
          "name": "Maximum Reach II",
          "amount": 2.0,
          "operation": 0
        },
        "cost": 1,
        "levelRequirement": 0
      },
      {
        "attribute": "forge:reach_distance",
        "modifier": {
          "id": "5eb4c5c2-95f9-4ec1-8d41-dbcc2448539f",
          "name": "Maximum Reach III",
          "amount": 3.0,
          "operation": 0
        },
        "cost": 1,
        "levelRequirement": 25
      },
      {
        "attribute": "forge:reach_distance",
        "modifier": {
          "id": "49e2c639-e1d7-407a-89e5-f03882cf7b43",
          "name": "Maximum Reach IV",
          "amount": 4.0,
          "operation": 0
        },
        "cost": 2,
        "levelRequirement": 30
      },
      {
        "attribute": "forge:reach_distance",
        "modifier": {
          "id": "6f3930cf-c302-4b99-aede-59d00448b613",
          "name": "Maximum Reach V",
          "amount": 5.0,
          "operation": 0
        },
        "cost": 2,
        "levelRequirement": 35
      },
      {
        "attribute": "forge:reach_distance",
        "modifier": {
          "id": "3a3ee31d-5cb6-489e-aafe-5188db83ff0d",
          "name": "Maximum Reach VI",
          "amount": 6.0,
          "operation": 0
        },
        "cost": 2,
        "levelRequirement": 40
      },
      {
        "attribute": "forge:reach_distance",
        "modifier": {
          "id": "07146fd7-8ed5-4145-a184-42121fc69258",
          "name": "Maximum Reach VII",
          "amount": 7.0,
          "operation": 0
        },
        "cost": 3,
        "levelRequirement": 50
      },
      {
        "attribute": "forge:reach_distance",
        "modifier": {
          "id": "43cfdf7a-769b-4ef8-bed9-bfd5f5a7dedf",
          "name": "Maximum Reach VIII",
          "amount": 8.0,
          "operation": 0
        },
        "cost": 3,
        "levelRequirement": 55
      },
      {
        "attribute": "forge:reach_distance",
        "modifier": {
          "id": "49bf8cad-7f13-463a-8e51-81f9514ab038",
          "name": "Maximum Reach IX",
          "amount": 9.0,
          "operation": 0
        },
        "cost": 3,
        "levelRequirement": 60
      },
      {
        "attribute": "forge:reach_distance",
        "modifier": {
          "id": "6f44eeaa-3944-4459-980f-d3e56a1fa46b",
          "name": "Maximum Reach X",
          "amount": 10.0,
          "operation": 0
        },
        "cost": 4,
        "levelRequirement": 75
      }
    ]
  },
  "TWERKER": {
    "name": "Twerker",
    "levels": [
      {
        "tickDelay": 5,
        "xRange": 1,
        "yRange": 1,
        "zRange": 1,
        "cost": 1,
        "growsPumpkinsMelons": false,
        "growsSugarcaneCactus": false,
        "growsAnimals": false,
        "levelRequirement": 0
      },
      {
        "tickDelay": 5,
        "xRange": 2,
        "yRange": 1,
        "zRange": 2,
        "cost": 1,
        "growsPumpkinsMelons": true,
        "growsSugarcaneCactus": false,
        "growsAnimals": false,
        "levelRequirement": 0
      },
      {
        "tickDelay": 5,
        "xRange": 3,
        "yRange": 3,
        "zRange": 3,
        "cost": 1,
        "growsPumpkinsMelons": true,
        "growsSugarcaneCactus": true,
        "growsAnimals": false,
        "levelRequirement": 0
      },
      {
        "tickDelay": 5,
        "xRange": 3,
        "yRange": 3,
        "zRange": 3,
        "cost": 1,
        "growsPumpkinsMelons": true,
        "growsSugarcaneCactus": true,
        "growsAnimals": true,
        "levelRequirement": 0
      }
    ]
  },
  "ELVISH": {
    "name": "Elvish",
    "levels": [
      {
        "cost": 5,
        "levelRequirement": 0
      }
    ]
  },
  "CARELESS": {
    "name": "Careless",
    "levels": [
      {
        "cost": 3,
        "levelRequirement": 50
      }
    ]
  },
  "ANGEL": {
    "name": "Angel",
    "levels": [
      {
        "cost": 200,
        "levelRequirement": 300
      }
    ]
  },
  "EXPERIENCED": {
    "name": "Experienced",
    "levels": [
      {
        "increasedExpPercentage": 0.5,
        "cost": 1,
        "levelRequirement": 0
      },
      {
        "increasedExpPercentage": 1.0,
        "cost": 1,
        "levelRequirement": 0
      },
      {
        "increasedExpPercentage": 1.5,
        "cost": 1,
        "levelRequirement": 0
      },
      {
        "increasedExpPercentage": 2.0,
        "cost": 1,
        "levelRequirement": 0
      },
      {
        "increasedExpPercentage": 3.0,
        "cost": 1,
        "levelRequirement": 25
      },
      {
        "increasedExpPercentage": 4.0,
        "cost": 2,
        "levelRequirement": 25
      },
      {
        "increasedExpPercentage": 5.0,
        "cost": 2,
        "levelRequirement": 50
      },
      {
        "increasedExpPercentage": 7.5,
        "cost": 3,
        "levelRequirement": 75
      },
      {
        "increasedExpPercentage": 10.0,
        "cost": 3,
        "levelRequirement": 100
      },
      {
        "increasedExpPercentage": 20.0,
        "cost": 8,
        "levelRequirement": 150
      }
    ]
  },
  "PARRY": {
    "name": "Parry",
    "levels": [
      {
        "additionalParryLimit": 0.1,
        "cost": 3,
        "levelRequirement": 25
      },
      {
        "additionalParryLimit": 0.2,
        "cost": 4,
        "levelRequirement": 25
      },
      {
        "additionalParryLimit": 0.3,
        "cost": 5,
        "levelRequirement": 25
      },
      {
        "additionalParryLimit": 0.4,
        "cost": 8,
        "levelRequirement": 150
      }
    ]
  },
  "STONE_SKIN": {
    "name": "Stone Skin",
    "levels": [
      {
        "attribute": "minecraft:generic.knockback_resistance",
        "modifier": {
          "id": "298c59d4-a22d-430c-b828-9d878df73713",
          "name": "Extra Knockback Resistance I",
          "amount": 0.10000000149011612,
          "operation": 0
        },
        "cost": 1,
        "levelRequirement": 0
      },
      {
        "attribute": "minecraft:generic.knockback_resistance",
        "modifier": {
          "id": "78f0faea-03a8-46af-9e8e-941bd1d7b91a",
          "name": "Extra Knockback Resistance II",
          "amount": 0.20000000298023224,
          "operation": 0
        },
        "cost": 1,
        "levelRequirement": 0
      },
      {
        "attribute": "minecraft:generic.knockback_resistance",
        "modifier": {
          "id": "781792b1-ec60-4574-b248-bbdca091dae0",
          "name": "Extra Knockback Resistance III",
          "amount": 0.30000001192092896,
          "operation": 0
        },
        "cost": 1,
        "levelRequirement": 0
      },
      {
        "attribute": "minecraft:generic.knockback_resistance",
        "modifier": {
          "id": "78a4a8e1-82fe-4dcf-92cc-fa903be2abda",
          "name": "Extra Knockback Resistance IV",
          "amount": 0.4000000059604645,
          "operation": 0
        },
        "cost": 2,
        "levelRequirement": 25
      },
      {
        "attribute": "minecraft:generic.knockback_resistance",
        "modifier": {
          "id": "286cae7c-d0ea-4caa-86ec-6e78cee56795",
          "name": "Extra Knockback Resistance V",
          "amount": 0.5,
          "operation": 0
        },
        "cost": 2,
        "levelRequirement": 25
      },
      {
        "attribute": "minecraft:generic.knockback_resistance",
        "modifier": {
          "id": "807c795d-80af-461d-96d9-86f24273e121",
          "name": "Extra Knockback Resistance VI",
          "amount": 0.6000000238418579,
          "operation": 0
        },
        "cost": 2,
        "levelRequirement": 25
      },
      {
        "attribute": "minecraft:generic.knockback_resistance",
        "modifier": {
          "id": "a8a48777-cba1-43de-84e5-7ccaf2972524",
          "name": "Extra Knockback Resistance VII",
          "amount": 0.699999988079071,
          "operation": 0
        },
        "cost": 2,
        "levelRequirement": 50
      },
      {
        "attribute": "minecraft:generic.knockback_resistance",
        "modifier": {
          "id": "276a40e1-7cb8-4972-b2fb-9376e6491338",
          "name": "Extra Knockback Resistance VIII",
          "amount": 0.800000011920929,
          "operation": 0
        },
        "cost": 2,
        "levelRequirement": 75
      },
      {
        "attribute": "minecraft:generic.knockback_resistance",
        "modifier": {
          "id": "77c591b7-bc24-478d-8420-eaf6aceefb43",
          "name": "Extra Knockback Resistance IX",
          "amount": 0.9000000357627869,
          "operation": 0
        },
        "cost": 2,
        "levelRequirement": 75
      },
      {
        "attribute": "minecraft:generic.knockback_resistance",
        "modifier": {
          "id": "28786c57-472c-456a-b01d-e88e34bc55ee",
          "name": "Extra Knockback Resistance X",
          "amount": 1.0,
          "operation": 0
        },
        "cost": 2,
        "levelRequirement": 100
      }
    ]
  },
  "UNBREAKABLE": {
    "name": "Unbreakable",
    "levels": [
      {
        "extraUnbreaking": 1.0,
        "cost": 2,
        "levelRequirement": 0
      },
      {
        "extraUnbreaking": 2.0,
        "cost": 2,
        "levelRequirement": 25
      },
      {
        "extraUnbreaking": 3.0,
        "cost": 2,
        "levelRequirement": 50
      },
      {
        "extraUnbreaking": 4.0,
        "cost": 5,
        "levelRequirement": 50
      },
      {
        "extraUnbreaking": 5.0,
        "cost": 5,
        "levelRequirement": 75
      },
      {
        "extraUnbreaking": 6.0,
        "cost": 8,
        "levelRequirement": 100
      },
      {
        "extraUnbreaking": 7.0,
        "cost": 10,
        "levelRequirement": 100
      }
    ]
  },
  "CRITICAL_STRIKE": {
    "name": "Critical Strike",
    "levels": [
      {
        "chance": 0.25,
        "cost": 1,
        "levelRequirement": 25
      },
      {
        "chance": 0.5,
        "cost": 2,
        "levelRequirement": 50
      },
      {
        "chance": 0.75,
        "cost": 2,
        "levelRequirement": 75
      },
      {
        "chance": 1.0,
        "cost": 3,
        "levelRequirement": 100
      }
    ]
  },
  "LOOTER": {
    "name": "Looter",
    "levels": [
      {
        "effect": "minecraft:luck",
        "amplifier": 1,
        "type": "hidden",
        "operator": "add",
        "cost": 5,
        "levelRequirement": 25
      },
      {
        "effect": "minecraft:luck",
        "amplifier": 2,
        "type": "hidden",
        "operator": "add",
        "cost": 5,
        "levelRequirement": 50
      }
    ]
  },
  "CHUNKY": {
    "name": "Chunky",
    "levels": [
      {
        "attribute": "minecraft:generic.max_health",
        "modifier": {
          "id": "00e9d794-ea6c-46e8-b364-9791878f3be0",
          "name": "Extra Health 2 I",
          "amount": 2.0,
          "operation": 0
        },
        "cost": 3,
        "levelRequirement": 150
      },
      {
        "attribute": "minecraft:generic.max_health",
        "modifier": {
          "id": "55719a0a-db75-474e-be80-44caba209725",
          "name": "Extra Health 2 II",
          "amount": 4.0,
          "operation": 0
        },
        "cost": 3,
        "levelRequirement": 160
      },
      {
        "attribute": "minecraft:generic.max_health",
        "modifier": {
          "id": "0a2cb3ed-c10a-45e8-a816-9b6f601b1034",
          "name": "Extra Health 2 III",
          "amount": 6.0,
          "operation": 0
        },
        "cost": 3,
        "levelRequirement": 170
      },
      {
        "attribute": "minecraft:generic.max_health",
        "modifier": {
          "id": "55254803-5acc-4e6d-b2be-ab3f242b89e4",
          "name": "Extra Health 2 IV",
          "amount": 8.0,
          "operation": 0
        },
        "cost": 3,
        "levelRequirement": 180
      },
      {
        "attribute": "minecraft:generic.max_health",
        "modifier": {
          "id": "0141e775-e157-4888-a857-ab32835b377a",
          "name": "Extra Health 2 V",
          "amount": 10.0,
          "operation": 0
        },
        "cost": 3,
        "levelRequirement": 190
      },
      {
        "attribute": "minecraft:generic.max_health",
        "modifier": {
          "id": "46f9201e-9dd8-4e94-ba06-4f4037bdd8c6",
          "name": "Extra Health 2 VI",
          "amount": 12.0,
          "operation": 0
        },
        "cost": 4,
        "levelRequirement": 200
      },
      {
        "attribute": "minecraft:generic.max_health",
        "modifier": {
          "id": "9c70e9ef-12be-4ec5-ad31-25289cec8bd7",
          "name": "Extra Health 2 VII",
          "amount": 14.0,
          "operation": 0
        },
        "cost": 4,
        "levelRequirement": 210
      },
      {
        "attribute": "minecraft:generic.max_health",
        "modifier": {
          "id": "b0777da1-a285-4785-a852-638f3b22f2ad",
          "name": "Extra Health 2 VIII",
          "amount": 16.0,
          "operation": 0
        },
        "cost": 4,
        "levelRequirement": 220
      },
      {
        "attribute": "minecraft:generic.max_health",
        "modifier": {
          "id": "55bdec13-5c1e-402e-8a41-de575015a466",
          "name": "Extra Health 2 IX",
          "amount": 18.0,
          "operation": 0
        },
        "cost": 4,
        "levelRequirement": 230
      },
      {
        "attribute": "minecraft:generic.max_health",
        "modifier": {
          "id": "014da550-5798-4148-9189-2548e93225d3",
          "name": "Extra Health 2 X",
          "amount": 20.0,
          "operation": 0
        },
        "cost": 4,
        "levelRequirement": 240
      }
    ]
  },
  "FRENZY": {
    "name": "Frenzy",
    "levels": [
      {
        "threshold": 0.3,
        "damageMultiplier": 2.0,
        "cost": 5,
        "levelRequirement": 75
      },
      {
        "threshold": 0.25,
        "damageMultiplier": 4.0,
        "cost": 10,
        "levelRequirement": 150
      },
      {
        "threshold": 0.2,
        "damageMultiplier": 5.0,
        "cost": 20,
        "levelRequirement": 250
      }
    ]
  },
  "STEP": {
    "name": "Step",
    "levels": [
      {
        "stepHeightAddend": 1.0,
        "cost": 5,
        "levelRequirement": 0
      }
    ]
  },
  "TRADER": {
    "name": "Trader",
    "levels": [
      {
        "sellerChance": 0.0,
        "cost": 1,
        "levelRequirement": 15
      },
      {
        "sellerChance": 0.0,
        "cost": 3,
        "levelRequirement": 45
      },
      {
        "sellerChance": 0.5,
        "cost": 6,
        "levelRequirement": 75
      }
    ]
  },
  "ARTISAN": {
    "name": "Artisan",
    "levels": [
      {
        "defaultRoll": "Polished",
        "cost": 5,
        "levelRequirement": 50
      },
      {
        "defaultRoll": "Glorious",
        "cost": 8,
        "levelRequirement": 75
      },
      {
        "defaultRoll": "Flawless",
        "cost": 10,
        "levelRequirement": 100
      },
      {
        "defaultRoll": "Masterful",
        "cost": 12,
        "levelRequirement": 150
      },
      {
        "defaultRoll": "Perfected",
        "cost": 16,
        "levelRequirement": 250
      }
    ]
  },
  "TREASURE_HUNTER": {
    "name": "Treasure Hunter",
    "levels": [
      {
        "effect": "minecraft:luck",
        "amplifier": 1,
        "type": "hidden",
        "operator": "add",
        "cost": 5,
        "levelRequirement": 50
      },
      {
        "effect": "minecraft:luck",
        "amplifier": 2,
        "type": "hidden",
        "operator": "add",
        "cost": 8,
        "levelRequirement": 75
      },
      {
        "effect": "minecraft:luck",
        "amplifier": 3,
        "type": "hidden",
        "operator": "add",
        "cost": 10,
        "levelRequirement": 100
      },
      {
        "effect": "minecraft:luck",
        "amplifier": 4,
        "type": "hidden",
        "operator": "add",
        "cost": 12,
        "levelRequirement": 150
      },
      {
        "effect": "minecraft:luck",
        "amplifier": 5,
        "type": "hidden",
        "operator": "add",
        "cost": 16,
        "levelRequirement": 250
      }
    ]
  },
  "BREAKABLE": {
    "name": "Breakable",
    "levels": [
      {
        "damagePreventionChance": 0.05,
        "damageAsDurabilityMultiplier": 0.0,
        "cost": 1,
        "levelRequirement": 50
      },
      {
        "damagePreventionChance": 0.1,
        "damageAsDurabilityMultiplier": 0.1,
        "cost": 2,
        "levelRequirement": 50
      },
      {
        "damagePreventionChance": 0.125,
        "damageAsDurabilityMultiplier": 0.15,
        "cost": 2,
        "levelRequirement": 50
      },
      {
        "damagePreventionChance": 0.15,
        "damageAsDurabilityMultiplier": 0.2,
        "cost": 2,
        "levelRequirement": 75
      },
      {
        "damagePreventionChance": 0.175,
        "damageAsDurabilityMultiplier": 0.25,
        "cost": 4,
        "levelRequirement": 75
      },
      {
        "damagePreventionChance": 0.2,
        "damageAsDurabilityMultiplier": 0.3,
        "cost": 4,
        "levelRequirement": 75
      }
    ]
  },
  "LUCKY_ALTAR": {
    "name": "Lucky Altar",
    "levels": [
      {
        "luckyAltarChance": 0.1,
        "cost": 3,
        "levelRequirement": 25
      },
      {
        "luckyAltarChance": 0.15,
        "cost": 3,
        "levelRequirement": 50
      },
      {
        "luckyAltarChance": 0.20,
        "cost": 3,
        "levelRequirement": 75
      },
      {
        "luckyAltarChance": 0.25,
        "cost": 6,
        "levelRequirement": 150
      },
      {
        "luckyAltarChance": 0.30,
        "cost": 8,
        "levelRequirement": 200
      }
    ]
  },
  "FATAL_STRIKE": {
    "name": "Fatal Strike",
    "levels": [
      {
        "fatalStrikeChance": 0.05,
        "fatalStrikeDamage": 0.5,
        "cost": 5,
        "levelRequirement": 75
      }
    ]
  },
  "FATAL_STRIKE_CHANCE": {
    "name": "Fatal Strike Chance",
    "levels": [
      {
        "additionalFatalStrikeChance": 0.05,
        "cost": 7,
        "levelRequirement": 75
      },
      {
        "additionalFatalStrikeChance": 0.06,
        "cost": 1,
        "levelRequirement": 75
      },
      {
        "additionalFatalStrikeChance": 0.07,
        "cost": 1,
        "levelRequirement": 75
      },
      {
        "additionalFatalStrikeChance": 0.08,
        "cost": 1,
        "levelRequirement": 75
      },
      {
        "additionalFatalStrikeChance": 0.09,
        "cost": 1,
        "levelRequirement": 75
      },
      {
        "additionalFatalStrikeChance": 0.1,
        "cost": 1,
        "levelRequirement": 75
      },
      {
        "additionalFatalStrikeChance": 0.11,
        "cost": 1,
        "levelRequirement": 75
      },
      {
        "additionalFatalStrikeChance": 0.12,
        "cost": 1,
        "levelRequirement": 75
      },
      {
        "additionalFatalStrikeChance": 0.13,
        "cost": 1,
        "levelRequirement": 75
      },
      {
        "additionalFatalStrikeChance": 0.15,
        "cost": 1,
        "levelRequirement": 75
      }
    ]
  },
  "FATAL_STRIKE_DAMAGE": {
    "name": "Fatal Strike Damage",
    "levels": [
      {
        "additionalFatalStrikeDamage": 1.0,
        "cost": 7,
        "levelRequirement": 75
      },
      {
        "additionalFatalStrikeDamage": 1.1,
        "cost": 1,
        "levelRequirement": 75
      },
      {
        "additionalFatalStrikeDamage": 1.2,
        "cost": 1,
        "levelRequirement": 75
      },
      {
        "additionalFatalStrikeDamage": 1.3,
        "cost": 1,
        "levelRequirement": 75
      },
      {
        "additionalFatalStrikeDamage": 1.4,
        "cost": 1,
        "levelRequirement": 75
      },
      {
        "additionalFatalStrikeDamage": 1.5,
        "cost": 1,
        "levelRequirement": 75
      },
      {
        "additionalFatalStrikeDamage": 1.6,
        "cost": 1,
        "levelRequirement": 75
      },
      {
        "additionalFatalStrikeDamage": 1.7,
        "cost": 1,
        "levelRequirement": 75
      },
      {
        "additionalFatalStrikeDamage": 1.8,
        "cost": 1,
        "levelRequirement": 75
      },
      {
        "additionalFatalStrikeDamage": 2.0,
        "cost": 1,
        "levelRequirement": 75
      }
    ]
  },
  "THORNS": {
    "name": "Thorns",
    "levels": [
      {
        "thornsChance": 0.05,
        "thornsDamage": 0.5,
        "cost": 5,
        "levelRequirement": 50
      }
    ]
  },
  "THORNS_CHANCE": {
    "name": "Thorns Chance",
    "levels": [
      {
        "additionalThornsChance": 0.1,
        "cost": 7,
        "levelRequirement": 50
      },
      {
        "additionalThornsChance": 0.11,
        "cost": 1,
        "levelRequirement": 50
      },
      {
        "additionalThornsChance": 0.12,
        "cost": 1,
        "levelRequirement": 50
      },
      {
        "additionalThornsChance": 0.13,
        "cost": 1,
        "levelRequirement": 50
      },
      {
        "additionalThornsChance": 0.14,
        "cost": 1,
        "levelRequirement": 50
      },
      {
        "additionalThornsChance": 0.15,
        "cost": 1,
        "levelRequirement": 50
      },
      {
        "additionalThornsChance": 0.16,
        "cost": 1,
        "levelRequirement": 50
      },
      {
        "additionalThornsChance": 0.17,
        "cost": 1,
        "levelRequirement": 50
      },
      {
        "additionalThornsChance": 0.18,
        "cost": 1,
        "levelRequirement": 50
      },
      {
        "additionalThornsChance": 0.2,
        "cost": 1,
        "levelRequirement": 50
      }
    ]
  },
  "THORNS_DAMAGE": {
    "name": "Thorns Damage",
    "levels": [
      {
        "additionalThornsDamage": 0.5,
        "cost": 7,
        "levelRequirement": 50
      },
      {
        "additionalThornsDamage": 0.6,
        "cost": 1,
        "levelRequirement": 50
      },
      {
        "additionalThornsDamage": 0.7,
        "cost": 1,
        "levelRequirement": 50
      },
      {
        "additionalThornsDamage": 0.8,
        "cost": 1,
        "levelRequirement": 50
      },
      {
        "additionalThornsDamage": 0.9,
        "cost": 1,
        "levelRequirement": 50
      },
      {
        "additionalThornsDamage": 1.0,
        "cost": 1,
        "levelRequirement": 50
      },
      {
        "additionalThornsDamage": 1.1,
        "cost": 1,
        "levelRequirement": 50
      },
      {
        "additionalThornsDamage": 1.2,
        "cost": 1,
        "levelRequirement": 50
      },
      {
        "additionalThornsDamage": 1.3,
        "cost": 1,
        "levelRequirement": 50
      },
      {
        "additionalThornsDamage": 1.5,
        "cost": 1,
        "levelRequirement": 50
      }
    ]
  },
  "GLASS_CANNON": {
    "name": "Glass Cannon",
    "levels": [
      {
        "damageTakenMultiplier": 1.5,
        "damageDealtMultiplier": 1.5,
        "cost": 5,
        "levelRequirement": 75
      },
      {
        "damageTakenMultiplier": 2.0,
        "damageDealtMultiplier": 3.0,
        "cost": 10,
        "levelRequirement": 150
      },
      {
        "damageTakenMultiplier": 2.0,
        "damageDealtMultiplier": 4.0,
        "cost": 20,
        "levelRequirement": 250
      }
    ]
  },
  "COMMANDER": {
    "name": "Commander",
    "levels": [
      {
        "damageTakenMultiplier": 1.0,
        "damageDealtMultiplier": 0.9,
        "summonEternalAdditionalCooldownReduction": 0.25,
        "summonEternalDamageDealtMultiplier": 1.5,
        "doEternalsUnaliveWhenDead": true,
        "cost": 5,
        "levelRequirement": 75
      },
      {
        "damageTakenMultiplier": 1.25,
        "damageDealtMultiplier": 0.5,
        "summonEternalAdditionalCooldownReduction": 0.5,
        "summonEternalDamageDealtMultiplier": 2.5,
        "doEternalsUnaliveWhenDead": true,
        "cost": 10,
        "levelRequirement": 150
      },
      {
        "damageTakenMultiplier": 1.5,
        "damageDealtMultiplier": 0.25,
        "summonEternalAdditionalCooldownReduction": 0.5,
        "summonEternalDamageDealtMultiplier": 3.0,
        "doEternalsUnaliveWhenDead": false,
        "cost": 20,
        "levelRequirement": 250
      }
    ]
  },
  "WARD": {
    "name": "Ward",
    "levels": [
      {
        "additionalAbsorptionPercent": 0.0,
        "startRegenAfterCombatSeconds": 10,
        "fullAbsorptionEffect": {
          "effect": "minecraft:regeneration",
          "amplifier": 1,
          "type": "hidden",
          "operator": "add",
          "cost": 0,
          "levelRequirement": 0
        },
        "additionalParryChance": 0.0,
        "cost": 5,
        "levelRequirement": 75
      },
      {
        "additionalAbsorptionPercent": 0.0,
        "startRegenAfterCombatSeconds": 10,
        "fullAbsorptionEffect": {
          "effect": "minecraft:regeneration",
          "amplifier": 1,
          "type": "hidden",
          "operator": "add",
          "cost": 1,
          "levelRequirement": 0
        },
        "additionalParryChance": 0.25,
        "cost": 10,
        "levelRequirement": 150
      },
      {
        "additionalAbsorptionPercent": 0.1,
        "startRegenAfterCombatSeconds": 10,
        "fullAbsorptionEffect": {
          "effect": "minecraft:regeneration",
          "amplifier": 1,
          "type": "hidden",
          "operator": "add",
          "cost": 0,
          "levelRequirement": 0
        },
        "additionalParryChance": 0.25,
        "cost": 20,
        "levelRequirement": 250
      }
    ]
  },
  "BARBARIC": {
    "name": "Barbaric",
    "levels": [
      {
        "rageDegenTickDelay": 80,
        "damageMultiplierPerRage": 0.015,
        "ragePerAttack": 2,
        "cost": 5,
        "levelRequirement": 75
      },
      {
        "rageDegenTickDelay": 120,
        "damageMultiplierPerRage": 0.03,
        "ragePerAttack": 4,
        "cost": 10,
        "levelRequirement": 150
      },
      {
        "rageDegenTickDelay": 160,
        "damageMultiplierPerRage": 0.035,
        "ragePerAttack": 6,
        "cost": 20,
        "levelRequirement": 250
      }
    ]
  },
  "SOUL_HUNTER": {
    "name": "Soul Hunter",
    "levels": [
      {
        "additionalSoulShardChance": 0.0,
        "cost": 1,
        "levelRequirement": 25
      },
      {
        "additionalSoulShardChance": 0.5,
        "cost": 2,
        "levelRequirement": 50
      },
      {
        "additionalSoulShardChance": 1.0,
        "cost": 3,
        "levelRequirement": 50
      },
      {
        "additionalSoulShardChance": 2.0,
        "cost": 4,
        "levelRequirement": 50
      },
      {
        "additionalSoulShardChance": 3.0,
        "cost": 6,
        "levelRequirement": 50
      }
    ]
  },
  "BARRIER": {
    "name": "Barrier",
    "levels": [
      {
        "increasedAbsorptionLimit": 0.05,
        "cost": 5,
        "levelRequirement": 75
      },
      {
        "increasedAbsorptionLimit": 0.1,
        "cost": 2,
        "levelRequirement": 75
      },
      {
        "increasedAbsorptionLimit": 0.15,
        "cost": 2,
        "levelRequirement": 75
      },
      {
        "increasedAbsorptionLimit": 0.2,
        "cost": 2,
        "levelRequirement": 75
      },
      {
        "increasedAbsorptionLimit": 0.25,
        "cost": 2,
        "levelRequirement": 75
      }
    ]
  }
}