{
  "styles": {
    "Soul Hunter": {
      "x": 280,
      "y": 210,
      "frameType": "RECTANGULAR",
      "u": 192,
      "v": 32
    },
    "Speed": {
      "x": 70,
      "y": 0,
      "frameType": "RECTANGULAR",
      "u": 144,
      "v": 0
    },
    "Reach": {
      "x": 280,
      "y": 0,
      "frameType": "RECTANGULAR",
      "u": 160,
      "v": 0
    },
    "Unbreakable": {
      "x": 280,
      "y": 140,
      "frameType": "RECTANGULAR",
      "u": 32,
      "v": 16
    },
    "Fire Resistance": {
      "x": -70,
      "y": 140,
      "frameType": "RECTANGULAR",
      "u": 64,
      "v": 0
    },
    "Angel": {
      "x": 420,
      "y": 70,
      "frameType": "RECTANGULAR",
      "u": 224,
      "v": 0
    },
    "Twerker": {
      "x": 70,
      "y": 210,
      "frameType": "RECTANGULAR",
      "u": 208,
      "v": 0
    },
    "Barrier": {
      "x": 210,
      "y": 140,
      "frameType": "RECTANGULAR",
      "u": 96,
      "v": 16
    },
    "Elvish": {
      "x": 280,
      "y": 70,
      "frameType": "RECTANGULAR",
      "u": 176,
      "v": 0
    },
    "Haste": {
      "x": 70,
      "y": 70,
      "frameType": "RECTANGULAR",
      "u": 96,
      "v": 0
    },
    "Resistance": {
      "x": 140,
      "y": 0,
      "frameType": "RECTANGULAR",
      "u": 112,
      "v": 0
    },
    "Experienced": {
      "x": 70,
      "y": 140,
      "frameType": "RECTANGULAR",
      "u": 0,
      "v": 16
    },
    "Water Breathing": {
      "x": 0,
      "y": 140,
      "frameType": "RECTANGULAR",
      "u": 0,
      "v": 0
    },
    "Well Fit": {
      "x": 140,
      "y": 140,
      "frameType": "RECTANGULAR",
      "u": 32,
      "v": 0
    },
    "Critical Strike": {
      "x": 350,
      "y": 140,
      "frameType": "RECTANGULAR",
      "u": 48,
      "v": 16
    },
    "Parry": {
      "x": 210,
      "y": 0,
      "frameType": "RECTANGULAR",
      "u": 240,
      "v": 0
    },
    "Stone Skin": {
      "x": 140,
      "y": 70,
      "frameType": "RECTANGULAR",
      "u": 16,
      "v": 16
    },
    "Breakable": {
      "x": 0,
      "y": 0,
      "frameType": "RECTANGULAR",
      "u": 208,
      "v": 16
    },
    "Strength": {
      "x": 350,
      "y": 0,
      "frameType": "RECTANGULAR",
      "u": 128,
      "v": 0
    },
    "Step": {
      "x": 210,
      "y": 70,
      "frameType": "RECTANGULAR",
      "u": 128,
      "v": 16
    },
    "Artisan": {
      "x": 140,
      "y": 210,
      "frameType": "RECTANGULAR",
      "u": 192,
      "v": 16
    },
    "Treasure Hunter": {
      "x": 210,
      "y": 210,
      "frameType": "RECTANGULAR",
      "u": 176,
      "v": 16
    },
    "Careless": {
      "x": 350,
      "y": 70,
      "frameType": "RECTANGULAR",
      "u": 224,
      "v": 16
    },
    "Lucky Altar": {
      "x": 0,
      "y": 70,
      "frameType": "RECTANGULAR",
      "u": 0,
      "v": 32
    },
    "Fatal Strike": {
      "x": 350,
      "y": 210,
      "frameType": "RECTANGULAR",
      "u": 16,
      "v": 32
    },
    "Fatal Strike Chance": {
      "x": 420,
      "y": 210,
      "frameType": "RECTANGULAR",
      "u": 32,
      "v": 32
    },
    "Fatal Strike Damage": {
      "x": 350,
      "y": 260,
      "frameType": "RECTANGULAR",
      "u": 48,
      "v": 32
    },
    "Thorns": {
      "x": 0,
      "y": 210,
      "frameType": "RECTANGULAR",
      "u": 64,
      "v": 32
    },
    "Thorns Chance": {
      "x": -70,
      "y": 210,
      "frameType": "RECTANGULAR",
      "u": 96,
      "v": 32
    },
    "Thorns Damage": {
      "x": 0,
      "y": 260,
      "frameType": "RECTANGULAR",
      "u": 80,
      "v": 32
    },
    "Ward": {
      "x": 35,
      "y": -70,
      "frameType": "STAR",
      "u": 176,
      "v": 32
    },
    "Barbaric": {
      "x": 105,
      "y": -70,
      "frameType": "STAR",
      "u": 112,
      "v": 32
    },
    "Glass Cannon": {
      "x": 175,
      "y": -70,
      "frameType": "STAR",
      "u": 160,
      "v": 32
    },
    "Commander": {
      "x": 245,
      "y": -70,
      "frameType": "STAR",
      "u": 128,
      "v": 32
    },
    "Frenzy": {
      "x": 315,
      "y": -70,
      "frameType": "STAR",
      "u": 144,
      "v": 32
    }

  }
}