{
  "TRADES": [
    {
      "buy": {
        "id": "minecraft:apple",
        "amount": 8
      },
      "sell": {
        "id": "minecraft:golden_apple",
        "amount": 1
      },
      "max_trades": 0,
      "times_traded": 0
    },
    {
      "buy": {
        "id": "minecraft:golden_apple",
        "amount": 8
      },
      "sell": {
        "id": "minecraft:enchanted_golden_apple",
        "amount": 1
      },
      "max_trades": 0,
      "times_traded": 0
    },
    {
      "buy": {
        "id": "minecraft:enchanted_golden_apple",
        "amount": 8
      },
      "sell": {
        "id": "minecraft:stick",
        "nbt": "{ench:[{lvl:10,id:\"minecraft:knockback\"}],Enchantments:[{lvl:10,id:\"minecraft:knockback\"}]}",
        "amount": 1
      },
      "max_trades": 0,
      "times_traded": 0
    }
  ]
}