{
  "treasureKeys": [
    {
      "value": {
        "id": "the_vault:key_iskallium",
        "amountMin": 1,
        "amountMax": 1
      },
      "weight": 1
    },
    {
      "value": {
        "id": "the_vault:key_gorginite",
        "amountMin": 1,
        "amountMax": 1
      },
      "weight": 1
    },
    {
      "value": {
        "id": "the_vault:key_sparkletine",
        "amountMin": 1,
        "amountMax": 1
      },
      "weight": 1
    },
    {
      "value": {
        "id": "the_vault:key_ashium",
        "amountMin": 1,
        "amountMax": 1
      },
      "weight": 1
    },
    {
      "value": {
        "id": "the_vault:key_bomignite",
        "amountMin": 1,
        "amountMax": 1
      },
      "weight": 1
    },
    {
      "value": {
        "id": "the_vault:key_funsoide",
        "amountMin": 1,
        "amountMax": 1
      },
      "weight": 1
    },
    {
      "value": {
        "id": "the_vault:key_tubium",
        "amountMin": 1,
        "amountMax": 1
      },
      "weight": 1
    },
    {
      "value": {
        "id": "the_vault:key_upaline",
        "amountMin": 1,
        "amountMax": 1
      },
      "weight": 1
    },
    {
      "value": {
        "id": "the_vault:key_puffium",
        "amountMin": 1,
        "amountMax": 1
      },
      "weight": 1
    }
  ]
}